Date,Day,Month,Year,USD,EURO,CAD,GBP,JPY,AUD,PHP,SGA
1/1/2003,1,1,2003,1,0.9252,1.8204,0.9677,166.273,4.3789,53.151,0.7231
1/2/2003,2,1,2003,1,0.9469,1.4837,0.9313,137.441,4.3819,43.29,0.8422
1/3/2003,3,1,2003,1,0.745,1.607,0.9286,134.221,3.9362,51.953,0.834
1/4/2003,4,1,2003,1,0.7439,1.2577,0.8994,155.973,3.5869,61.064,0.67
1/5/2003,5,1,2003,1,0.9898,1.4314,0.6246,133.132,4.2393,66.389,0.7547
1/6/2003,6,1,2003,1,0.6787,1.9747,0.9134,133.818,3.6158,64.103,0.8438
1/7/2003,7,1,2003,1,0.913,1.363,0.6941,153.514,3.3919,44.4,0.8414
1/8/2003,8,1,2003,1,0.9218,1.3738,0.6704,146.61,3.7317,65.644,0.7579
1/9/2003,9,1,2003,1,0.7435,1.4832,0.9857,168.249,4.446,43.934,0.7626
1/10/2003,10,1,2003,1,0.8658,1.5621,0.8215,161.609,3.0234,54.417,0.7239
1/11/2003,11,1,2003,1,0.7376,1.6144,0.8079,153.145,4.728,45.513,0.83
1/12/2003,12,1,2003,1,0.7915,1.2261,0.672,165.436,3.0303,68.048,0.8268
1/13/2003,13,1,2003,1,0.9587,1.8442,0.6003,160.515,4.8257,49.629,0.7446
1/14/2003,14,1,2003,1,0.6861,1.7015,0.8881,142.311,4.6694,43.253,0.6613
1/15/2003,15,1,2003,1,0.7842,1.6861,0.6975,130.428,4.5031,68.78,0.7031
1/16/2003,16,1,2003,1,0.8509,1.4704,0.937,161.549,3.5085,54.731,0.8463
1/17/2003,17,1,2003,1,0.9616,1.6816,0.8422,133.679,4.9406,68.587,0.7649
1/18/2003,18,1,2003,1,0.7336,1.5029,0.9665,152.363,4.9492,53.019,0.7966
1/19/2003,19,1,2003,1,0.9987,1.8735,0.8509,131.612,4.9435,68.41,0.7501
1/20/2003,20,1,2003,1,0.9252,1.6638,0.701,160.484,4.8757,41.648,0.709
1/21/2003,21,1,2003,1,0.9035,1.5813,0.7806,156.711,4.8519,64.738,0.8036
1/22/2003,22,1,2003,1,0.8383,1.9861,0.7352,154.638,3.9239,48.224,0.7046
1/23/2003,23,1,2003,1,0.7423,1.8875,0.8034,147.31,4.2648,44.427,0.6601
1/24/2003,24,1,2003,1,0.6791,1.2862,0.9935,148.365,3.3584,54.708,0.8034
1/25/2003,25,1,2003,1,0.8395,1.8706,0.6485,148.938,3.3092,66.001,0.7987
1/26/2003,26,1,2003,1,0.8554,1.4738,0.991,142.672,3.0429,50.658,0.7649
1/27/2003,27,1,2003,1,0.83,1.5758,0.7055,152.705,4.233,69.464,0.781
1/28/2003,28,1,2003,1,0.7553,1.5896,0.8965,132.128,4.6836,59.853,0.8037
1/29/2003,29,1,2003,1,0.7916,1.3294,0.9364,168.199,3.3857,45.721,0.7559
1/30/2003,30,1,2003,1,0.7594,1.8788,0.6741,166.069,4.6874,62.919,0.7711
1/31/2003,31,1,2003,1,0.8603,1.2679,0.7959,152.225,4.1801,42.038,0.7473
2/1/2003,1,2,2003,1,0.6809,1.5326,0.6082,137.226,4.4075,55.037,0.7385
2/2/2003,2,2,2003,1,0.9929,1.6025,0.8189,164.027,3.1453,46.524,0.7824
2/3/2003,3,2,2003,1,0.7849,1.4349,0.6201,156.473,3.7983,58.441,0.74
2/4/2003,4,2,2003,1,0.9923,1.8985,0.9811,141.933,3.7479,68.049,0.8184
2/5/2003,5,2,2003,1,0.7334,1.8836,0.8232,135.684,3.3951,49.697,0.6661
2/6/2003,6,2,2003,1,0.9535,1.9895,0.9808,159.044,3.4332,40.23,0.7131
2/7/2003,7,2,2003,1,0.7471,1.7163,0.7398,168.085,3.5736,45.896,0.7888
2/8/2003,8,2,2003,1,0.8154,1.876,0.8673,133.924,4.5429,58.531,0.6853
2/9/2003,9,2,2003,1,0.9017,1.3032,0.826,140.449,3.3053,40.804,0.7789
2/10/2003,10,2,2003,1,0.836,1.8045,0.695,145.105,4.7763,43.225,0.7326
2/11/2003,11,2,2003,1,0.9073,1.4949,0.936,140.293,4.8191,52.227,0.6932
2/12/2003,12,2,2003,1,0.7083,1.5039,0.6178,134.713,3.5871,59.405,0.8393
2/13/2003,13,2,2003,1,0.9666,1.596,0.8499,133.4,4.4451,63.779,0.8016
2/14/2003,14,2,2003,1,0.8157,1.9092,0.985,149.029,3.2137,64.251,0.8422
2/15/2003,15,2,2003,1,0.7799,1.4989,0.6129,163.843,3.0192,55.176,0.811
2/16/2003,16,2,2003,1,0.9734,1.4969,0.986,169.798,3.2962,53.207,0.687
2/17/2003,17,2,2003,1,0.812,1.666,0.8606,134.819,3.6866,65.41,0.6556
2/18/2003,18,2,2003,1,0.8673,1.9923,0.9143,162.395,4.0892,66.736,0.7824
2/19/2003,19,2,2003,1,0.8175,1.5685,0.8162,152.433,3.96,55.098,0.8118
2/20/2003,20,2,2003,1,0.9909,1.8959,0.9919,136.127,3.1301,62.498,0.8245
2/21/2003,21,2,2003,1,0.7483,1.4986,0.7792,153.346,3.4225,56.23,0.6625
2/22/2003,22,2,2003,1,0.8163,1.2272,0.9949,164.359,4.3726,68.871,0.7606
2/23/2003,23,2,2003,1,0.9,1.6923,0.9465,156.924,3.4454,49.082,0.6878
2/24/2003,24,2,2003,1,0.8897,1.3718,0.7087,135.496,3.7449,68.941,0.6564
2/25/2003,25,2,2003,1,0.9275,1.2891,0.9915,146.484,4.8415,58.961,0.7087
2/26/2003,26,2,2003,1,0.7805,1.9433,0.836,169.754,3.7575,61.687,0.847
2/27/2003,27,2,2003,1,0.6718,1.8302,0.7402,134.703,3.7134,69.595,0.724
2/28/2003,28,2,2003,1,0.8355,1.4318,0.6009,162.642,3.9739,40.182,0.723
3/1/2003,1,3,2003,1,0.9196,1.9597,0.9674,155.247,3.7959,59.039,0.7209
3/2/2003,2,3,2003,1,0.9392,1.2909,0.908,165.958,4.9333,59.614,0.6982
3/3/2003,3,3,2003,1,0.9482,1.8203,0.7104,168.183,4.7653,59.479,0.7746
3/4/2003,4,3,2003,1,0.8313,1.9377,0.7754,165.794,4.076,54.226,0.8193
3/5/2003,5,3,2003,1,0.7961,1.4032,0.8296,130.096,4.7284,58.351,0.7623
3/6/2003,6,3,2003,1,0.9551,1.4401,0.9336,158.676,3.084,43.165,0.707
3/7/2003,7,3,2003,1,0.7104,1.9907,0.6458,140.289,4.3086,48.706,0.8077
3/8/2003,8,3,2003,1,0.809,1.9869,0.7431,169.05,4.6704,46.159,0.6662
3/9/2003,9,3,2003,1,0.71,1.236,0.9983,156.169,4.5849,41.851,0.8126
3/10/2003,10,3,2003,1,0.962,1.7956,0.7622,149.127,3.8529,57.652,0.8393
3/11/2003,11,3,2003,1,0.6919,1.7486,0.612,159.762,3.6321,48.031,0.7894
3/12/2003,12,3,2003,1,0.9528,1.2196,0.9795,143.7,4.6191,64.606,0.7401
3/13/2003,13,3,2003,1,0.6806,1.8684,0.9204,157.799,4.7083,66.408,0.799
3/14/2003,14,3,2003,1,0.7917,1.3474,0.7954,146.728,3.3122,64.61,0.6808
3/15/2003,15,3,2003,1,0.8227,1.8795,0.6084,137.966,4.8778,67.209,0.6835
3/16/2003,16,3,2003,1,0.7744,1.4498,0.6076,142.173,4.2916,69.229,0.8303
3/17/2003,17,3,2003,1,0.7501,1.7726,0.6943,134.283,4.2703,52.347,0.656
3/18/2003,18,3,2003,1,0.6916,1.934,0.9456,140.902,4.9733,45.502,0.7792
3/19/2003,19,3,2003,1,0.8811,1.5424,0.6902,146.096,4.0804,53.189,0.7307
3/20/2003,20,3,2003,1,0.6769,1.4499,0.8011,137.408,3.2006,63.934,0.8162
3/21/2003,21,3,2003,1,0.9445,1.6215,0.9041,162.949,4.5475,51.111,0.6575
3/22/2003,22,3,2003,1,0.6808,1.2884,0.9098,164.559,4.5175,43.469,0.7989
3/23/2003,23,3,2003,1,0.9819,1.4326,0.9826,130.746,4.5381,46.386,0.7896
3/24/2003,24,3,2003,1,0.7756,1.3649,0.6523,130.024,4.1849,61.682,0.7929
3/25/2003,25,3,2003,1,0.8327,1.4928,0.7935,143.676,3.0554,48.035,0.7296
3/26/2003,26,3,2003,1,0.6868,1.6573,0.6815,147.966,3.0887,64.244,0.7479
3/27/2003,27,3,2003,1,0.6942,1.7491,0.7379,150.205,3.4058,44.405,0.6948
3/28/2003,28,3,2003,1,0.9435,1.7585,0.885,160.148,4.2756,62.001,0.8352
3/29/2003,29,3,2003,1,0.8944,1.4158,0.8335,156.779,3.1597,43.593,0.7695
3/30/2003,30,3,2003,1,0.8995,1.238,0.7461,160.817,4.5115,51.907,0.7687
3/31/2003,31,3,2003,1,0.981,1.8398,0.7922,135,4.6853,63.816,0.8201
4/1/2003,1,4,2003,1,0.7557,1.2218,0.9455,135.738,4.2707,48.336,0.6529
4/2/2003,2,4,2003,1,0.9667,1.6036,0.8554,151.888,4.0452,43.969,0.7516
4/3/2003,3,4,2003,1,0.81,1.7697,0.9159,164.409,4.8533,52.396,0.7678
4/4/2003,4,4,2003,1,0.886,1.8685,0.8765,153.916,3.7117,55.497,0.7773
4/5/2003,5,4,2003,1,0.9209,1.6414,0.9983,151.786,3.9173,66.725,0.6846
4/6/2003,6,4,2003,1,0.9144,1.5972,0.8888,148.658,4.672,60.082,0.7577
4/7/2003,7,4,2003,1,0.9925,1.5285,0.7966,164.411,3.5856,54.773,0.7166
4/8/2003,8,4,2003,1,0.8625,1.7778,0.6564,135.665,4.0586,64.866,0.7217
4/9/2003,9,4,2003,1,0.7731,1.5347,0.947,131.514,3.5291,53.709,0.769
4/10/2003,10,4,2003,1,0.9644,1.5657,0.9435,157.318,4.4629,48.819,0.6589
4/11/2003,11,4,2003,1,0.7023,1.7169,0.9055,153.108,4.113,49.612,0.8339
4/12/2003,12,4,2003,1,0.9242,1.3449,0.8432,131.055,3.4082,57.412,0.7834
4/13/2003,13,4,2003,1,0.9755,1.4811,0.801,166.678,3.7551,67.405,0.6855
4/14/2003,14,4,2003,1,0.726,1.7076,0.6912,163.953,3.1054,57.576,0.7384
4/15/2003,15,4,2003,1,0.9076,1.3382,0.6889,169.089,3.6954,68.606,0.7805
4/16/2003,16,4,2003,1,0.7762,1.2993,0.9453,134.587,4.2618,52.865,0.8314
4/17/2003,17,4,2003,1,0.8423,1.2395,0.7437,162.408,4.3557,42.593,0.8249
4/18/2003,18,4,2003,1,0.9761,1.6402,0.6235,145.858,3.8761,40.321,0.7073
4/19/2003,19,4,2003,1,0.8884,1.6619,0.6083,146.303,3.0851,52.254,0.8023
4/20/2003,20,4,2003,1,0.9292,1.7414,0.936,135.731,4.0968,44.994,0.7452
4/21/2003,21,4,2003,1,0.8073,1.8136,0.7662,130.552,4.2356,68.506,0.7404
4/22/2003,22,4,2003,1,0.6993,1.8022,0.7814,143.27,3.0069,41.613,0.7885
4/23/2003,23,4,2003,1,0.9591,1.7029,0.8383,130.357,4.7338,45.901,0.7346
4/24/2003,24,4,2003,1,0.809,1.522,0.6689,141.845,3.9488,47.898,0.7358
4/25/2003,25,4,2003,1,0.8062,1.8309,0.696,131.441,3.8782,54.435,0.701
4/26/2003,26,4,2003,1,0.7464,1.4852,0.6613,164.435,3.623,65.298,0.8449
4/27/2003,27,4,2003,1,0.9119,1.779,0.8382,147.84,3.2344,40.71,0.6993
4/28/2003,28,4,2003,1,0.9746,1.3193,0.6863,132.146,4.4254,40.821,0.6935
4/29/2003,29,4,2003,1,0.9153,1.4372,0.8822,130.766,3.7771,54.704,0.7603
4/30/2003,30,4,2003,1,0.7833,1.3762,0.8103,163.494,4.912,54.679,0.7821
5/1/2003,1,5,2003,1,0.9989,1.6545,0.9172,150.416,3.3595,65.04,0.6572
5/2/2003,2,5,2003,1,0.9563,1.5545,0.9234,154.212,3.1524,57.009,0.798
5/3/2003,3,5,2003,1,0.9323,1.33,0.8282,131.303,3.2631,48.267,0.7218
5/4/2003,4,5,2003,1,0.9583,1.9527,0.6277,148.512,4.8742,63.813,0.8479
5/5/2003,5,5,2003,1,0.9146,1.413,0.8979,130.708,4.7716,55.471,0.6655
5/6/2003,6,5,2003,1,0.6952,1.477,0.7501,155.223,3.0722,60.203,0.6865
5/7/2003,7,5,2003,1,0.746,1.485,0.9742,135.349,3.8875,46.508,0.7554
5/8/2003,8,5,2003,1,0.7596,1.4425,0.702,160.714,4.2847,41.796,0.8459
5/9/2003,9,5,2003,1,0.8917,1.5086,0.6496,158.026,4.7985,59.33,0.8093
5/10/2003,10,5,2003,1,0.9188,1.7737,0.7475,137.191,3.9629,63.207,0.816
5/11/2003,11,5,2003,1,0.9172,1.7062,0.8447,153.766,3.2699,56.798,0.8135
5/12/2003,12,5,2003,1,0.6821,1.2354,0.659,149.201,3.1895,50.568,0.7027
5/13/2003,13,5,2003,1,0.737,1.9448,0.6964,166.244,4.7336,68.979,0.7395
5/14/2003,14,5,2003,1,0.9436,1.6977,0.6833,143.929,3.2543,42.871,0.8437
5/15/2003,15,5,2003,1,0.9482,1.8268,0.8779,139.384,4.1146,69.507,0.7191
5/16/2003,16,5,2003,1,0.9617,1.8622,0.7069,162.682,3.1637,60.631,0.8275
5/17/2003,17,5,2003,1,0.7022,1.9029,0.8579,159.536,3.8601,40.196,0.6943
5/18/2003,18,5,2003,1,0.7413,1.2332,0.7477,165.672,3.1516,41.794,0.8062
5/19/2003,19,5,2003,1,0.8179,1.9217,0.7897,166.502,3.9451,54.166,0.7897
5/20/2003,20,5,2003,1,0.7266,1.7144,0.6007,139.316,3.9261,46.05,0.731
5/21/2003,21,5,2003,1,0.9407,1.645,0.7063,153.5,4.2922,49.09,0.7384
5/22/2003,22,5,2003,1,0.8936,1.9484,0.973,136.182,3.2673,59.023,0.8428
5/23/2003,23,5,2003,1,0.9297,1.6923,0.8718,146.319,4.5635,65.864,0.8212
5/24/2003,24,5,2003,1,0.9119,1.2431,0.7524,143.563,4.7604,55.512,0.779
5/25/2003,25,5,2003,1,0.9939,1.9716,0.7936,152.589,3.6803,56.936,0.8438
5/26/2003,26,5,2003,1,0.765,1.6062,0.7249,132.072,4.2386,52.497,0.7065
5/27/2003,27,5,2003,1,0.6737,1.552,0.7453,167.381,4.3875,43.667,0.7253
5/28/2003,28,5,2003,1,0.9687,1.9224,0.7944,165.297,3.9036,66.553,0.654
5/29/2003,29,5,2003,1,0.9293,1.5814,0.7449,139.916,3.066,66.412,0.7131
5/30/2003,30,5,2003,1,0.9667,1.809,0.8564,166.833,3.1441,58.275,0.7476
5/31/2003,31,5,2003,1,0.7115,1.9698,0.7669,147.06,4.0547,58.488,0.8296
6/1/2003,1,6,2003,1,0.7277,1.7938,0.7961,145.89,3.464,55.914,0.7793
6/2/2003,2,6,2003,1,0.7323,1.9035,0.9298,158.691,3.2152,42.164,0.8444
6/3/2003,3,6,2003,1,0.6959,1.3351,0.6601,153.403,4.8679,54.954,0.7322
6/4/2003,4,6,2003,1,0.9736,1.8515,0.7578,138.791,4.2834,56.197,0.8325
6/5/2003,5,6,2003,1,0.8876,1.8434,0.9309,144.832,3.8663,56.07,0.831
6/6/2003,6,6,2003,1,0.7298,1.5834,0.8868,135.558,3.0198,56.86,0.7472
6/7/2003,7,6,2003,1,0.7172,1.6501,0.7514,156.85,3.8359,41.613,0.7475
6/8/2003,8,6,2003,1,0.8045,1.9946,0.8982,145.509,3.5752,66.454,0.7627
6/9/2003,9,6,2003,1,0.7566,1.7612,0.9033,141.628,3.0836,51.979,0.7671
6/10/2003,10,6,2003,1,0.9863,1.3087,0.8911,136.017,4.5224,50.34,0.782
6/11/2003,11,6,2003,1,0.71,1.7282,0.7517,135.459,3.8037,42.152,0.812
6/12/2003,12,6,2003,1,0.958,1.9546,0.7909,131.163,3.6582,60.664,0.6727
6/13/2003,13,6,2003,1,0.9086,1.9239,0.8666,130.611,3.1412,59.377,0.8324
6/14/2003,14,6,2003,1,0.8363,1.9963,0.7059,146.58,3.7439,52.324,0.6517
6/15/2003,15,6,2003,1,0.9654,1.7065,0.7759,165.784,4.7364,63.776,0.7859
6/16/2003,16,6,2003,1,0.6987,1.7854,0.9609,138.449,4.1249,47.22,0.6634
6/17/2003,17,6,2003,1,0.8074,1.3172,0.605,137.218,4.5519,54.968,0.8045
6/18/2003,18,6,2003,1,0.9267,1.2736,0.708,165.311,4.9286,61.168,0.8296
6/19/2003,19,6,2003,1,0.953,1.6171,0.7006,159.637,4.5882,66.402,0.6664
6/20/2003,20,6,2003,1,0.8394,1.824,0.9266,140.54,4.8255,50.263,0.8211
6/21/2003,21,6,2003,1,0.8106,1.2832,0.6246,152.526,4.1438,57.7,0.8427
6/22/2003,22,6,2003,1,0.8512,1.8309,0.6036,131.2,4.7537,45.876,0.7302
6/23/2003,23,6,2003,1,0.8516,1.6747,0.7259,152.036,4.8339,47.056,0.67
6/24/2003,24,6,2003,1,0.7939,1.2283,0.7542,130.21,4.982,61.248,0.7431
6/25/2003,25,6,2003,1,0.9142,1.521,0.7088,167.192,4.9155,40.299,0.7921
6/26/2003,26,6,2003,1,0.7887,1.3212,0.8266,159.283,4.8084,48.585,0.7442
6/27/2003,27,6,2003,1,0.9136,1.6131,0.8315,148.427,3.9213,42.759,0.7582
6/28/2003,28,6,2003,1,0.8612,1.3241,0.7645,139.738,4.6657,44.829,0.668
6/29/2003,29,6,2003,1,0.7657,1.402,0.7653,164.29,4.115,67.28,0.7236
6/30/2003,30,6,2003,1,0.8214,1.6465,0.6188,169.811,3.6467,52.062,0.7177
7/1/2003,1,7,2003,1,0.8213,1.5629,0.6747,166.945,3.272,58.415,0.6638
7/2/2003,2,7,2003,1,0.9459,1.6451,0.9453,140.676,3.6035,42.142,0.6519
7/3/2003,3,7,2003,1,0.679,1.9212,0.8402,162.306,3.5073,43.833,0.8237
7/4/2003,4,7,2003,1,0.8633,1.2693,0.6811,156.001,3.0592,60.579,0.6863
7/5/2003,5,7,2003,1,0.744,1.3997,0.9212,132.129,4.2554,69.421,0.7322
7/6/2003,6,7,2003,1,0.7136,1.2101,0.8707,167.39,3.3085,48.208,0.6502
7/7/2003,7,7,2003,1,0.8466,1.576,0.7527,166.175,3.4008,56.664,0.8282
7/8/2003,8,7,2003,1,0.8993,1.3749,0.7654,154.178,4.3226,67.263,0.7805
7/9/2003,9,7,2003,1,0.8225,1.4182,0.8783,141.023,4.7829,45.74,0.7226
7/10/2003,10,7,2003,1,0.85,1.3099,0.6368,144.948,4.4711,59.997,0.8296
7/11/2003,11,7,2003,1,0.7392,1.4932,0.8868,160.953,3.1368,55.88,0.7506
7/12/2003,12,7,2003,1,0.9375,1.5406,0.7987,154.07,4.3175,69.413,0.8345
7/13/2003,13,7,2003,1,0.7448,1.8858,0.8043,148.868,4.6906,49.933,0.747
7/14/2003,14,7,2003,1,0.7917,1.4063,0.9695,138.527,4.4128,40.201,0.7406
7/15/2003,15,7,2003,1,0.7648,1.5715,0.9253,150.384,4.6962,46.176,0.6735
7/16/2003,16,7,2003,1,0.9249,1.8119,0.6751,142.258,3.1969,49.19,0.728
7/17/2003,17,7,2003,1,0.7636,1.4618,0.7248,151.729,4.1543,48.912,0.7021
7/18/2003,18,7,2003,1,0.7821,1.4015,0.6129,138.336,3.6726,51.839,0.7742
7/19/2003,19,7,2003,1,0.7896,1.4911,0.6178,163.847,4.423,40.561,0.8097
7/20/2003,20,7,2003,1,0.8881,1.9813,0.901,136.216,4.8519,53.493,0.7834
7/21/2003,21,7,2003,1,0.6736,1.9852,0.9376,153.173,4.6796,51.208,0.754
7/22/2003,22,7,2003,1,0.936,1.4376,0.7549,135.417,3.2582,64.553,0.846
7/23/2003,23,7,2003,1,0.9908,1.6954,0.8606,132.572,4.0645,67.329,0.8284
7/24/2003,24,7,2003,1,0.915,1.7344,0.7891,145.707,3.4532,54.581,0.8233
7/25/2003,25,7,2003,1,0.7742,1.728,0.7162,141.516,3.8977,43.891,0.6642
7/26/2003,26,7,2003,1,0.839,1.8713,0.8729,148.047,3.5935,48.795,0.7156
7/27/2003,27,7,2003,1,0.7926,1.8042,0.654,162.137,4.6897,46.737,0.7816
7/28/2003,28,7,2003,1,0.9838,1.901,0.7715,151.865,3.1514,58.196,0.7786
7/29/2003,29,7,2003,1,0.8624,1.3827,0.6564,169.18,3.5316,65.198,0.8044
7/30/2003,30,7,2003,1,0.7035,1.5857,0.8483,140.808,3.3306,63.506,0.8446
7/31/2003,31,7,2003,1,0.7978,1.4602,0.6793,160.906,3.9814,68.61,0.7642
8/1/2003,1,8,2003,1,0.7043,1.9882,0.7058,156.661,4.3822,47.515,0.7378
8/2/2003,2,8,2003,1,0.7329,1.942,0.8779,131.672,3.1951,62.839,0.6541
8/3/2003,3,8,2003,1,0.9496,1.2403,0.6979,166.744,4.4952,58.405,0.8097
8/4/2003,4,8,2003,1,0.8653,1.6172,0.9036,135.358,3.343,48.647,0.7419
8/5/2003,5,8,2003,1,0.8802,1.6112,0.8098,167.717,4.3377,41.862,0.8222
8/6/2003,6,8,2003,1,0.8653,1.7229,0.7947,137.079,4.1419,50.102,0.6598
8/7/2003,7,8,2003,1,0.8711,1.2368,0.773,144.116,4.4105,48.061,0.6993
8/8/2003,8,8,2003,1,0.8571,1.5713,0.676,141.635,4.0581,46.971,0.6517
8/9/2003,9,8,2003,1,0.9132,1.813,0.6385,140.877,3.4665,64.025,0.6533
8/10/2003,10,8,2003,1,0.834,1.5542,0.7726,168.682,3.8782,60.299,0.728
8/11/2003,11,8,2003,1,0.671,1.3644,0.9018,131.043,4.6272,41.659,0.8245
8/12/2003,12,8,2003,1,0.9562,1.2772,0.7673,158.977,3.9677,45.454,0.7869
8/13/2003,13,8,2003,1,0.9965,1.2669,0.6943,134.579,4.3406,42.871,0.7056
8/14/2003,14,8,2003,1,0.9803,1.2453,0.8775,168.302,3.1776,46.852,0.7977
8/15/2003,15,8,2003,1,0.7758,1.7639,0.6152,162.903,4.2037,56.235,0.7934
8/16/2003,16,8,2003,1,0.9761,1.5548,0.9402,131.997,3.8317,67.868,0.6729
8/17/2003,17,8,2003,1,0.8938,1.3332,0.9949,150.61,4.3478,57.635,0.8274
8/18/2003,18,8,2003,1,0.7527,1.4378,0.6473,150.127,3.4403,40.616,0.8281
8/19/2003,19,8,2003,1,0.6983,1.3238,0.7731,156.729,4.9256,66.674,0.6746
8/20/2003,20,8,2003,1,0.6868,1.5102,0.8963,142.577,4.5218,63.775,0.7316
8/21/2003,21,8,2003,1,0.849,1.8431,0.9924,167.265,3.1336,67.894,0.6889
8/22/2003,22,8,2003,1,0.691,1.2267,0.7242,163.155,3.097,53.796,0.7529
8/23/2003,23,8,2003,1,0.9411,1.848,0.741,133.819,3.2148,40.48,0.7433
8/24/2003,24,8,2003,1,0.7965,1.7217,0.8395,146.855,3.3696,55.775,0.67
8/25/2003,25,8,2003,1,0.8183,1.717,0.7897,151.228,4.076,62.643,0.6757
8/26/2003,26,8,2003,1,0.8296,1.9332,0.6111,137.193,3.7121,50.577,0.8001
8/27/2003,27,8,2003,1,0.8556,1.2283,0.8829,156.137,3.4455,61.231,0.804
8/28/2003,28,8,2003,1,0.839,1.7301,0.8717,158.788,3.8937,64.149,0.7529
8/29/2003,29,8,2003,1,0.6951,1.3691,0.909,149.252,4.6166,69.416,0.6761
8/30/2003,30,8,2003,1,0.9665,1.6253,0.7346,158.841,3.0768,61.681,0.7242
8/31/2003,31,8,2003,1,0.9272,1.9011,0.8918,134.231,3.9308,62.181,0.6969
9/1/2003,1,9,2003,1,0.8702,1.9598,0.9719,140.555,3.5139,40.124,0.7119
9/2/2003,2,9,2003,1,0.9293,1.3857,0.9437,147.362,3.8912,48.689,0.689
9/3/2003,3,9,2003,1,0.7027,1.3918,0.8243,148.018,4.9297,42.383,0.8397
9/4/2003,4,9,2003,1,0.9722,1.8896,0.63,167.13,3.7766,47.948,0.8063
9/5/2003,5,9,2003,1,0.9503,1.9923,0.9643,146.244,4.8594,55.8,0.8306
9/6/2003,6,9,2003,1,0.7383,1.9855,0.6903,161.984,3.1919,47.334,0.7225
9/7/2003,7,9,2003,1,0.7435,1.5476,0.8509,141.907,3.0725,65.268,0.6716
9/8/2003,8,9,2003,1,0.7505,1.7656,0.9786,149.845,4.5059,44.336,0.6933
9/9/2003,9,9,2003,1,0.942,1.6895,0.6843,158.547,3.3287,40.585,0.8298
9/10/2003,10,9,2003,1,0.6863,1.7958,0.6888,169.193,4.7371,66.885,0.8043
9/11/2003,11,9,2003,1,0.6993,1.7526,0.8228,137.554,4.9801,69.542,0.8236
9/12/2003,12,9,2003,1,0.7939,1.3686,0.7146,156.252,3.1573,41.72,0.7587
9/13/2003,13,9,2003,1,0.7779,1.6587,0.6074,159.654,4.4948,68.359,0.8027
9/14/2003,14,9,2003,1,0.7273,1.5089,0.7773,144.394,4.4895,51.425,0.8452
9/15/2003,15,9,2003,1,0.672,1.6389,0.9985,131.043,3.8714,41.871,0.7439
9/16/2003,16,9,2003,1,0.8302,1.956,0.8945,149.403,3.3642,55.021,0.69
9/17/2003,17,9,2003,1,0.9882,1.7897,0.69,163.431,4.8858,69.682,0.7821
9/18/2003,18,9,2003,1,0.7886,1.7418,0.7691,155.331,4.2545,54.374,0.8278
9/19/2003,19,9,2003,1,0.8241,1.3419,0.7449,163.327,3.0392,48.711,0.6731
9/20/2003,20,9,2003,1,0.9797,1.2743,0.7249,138.65,4.4649,68.034,0.8278
9/21/2003,21,9,2003,1,0.9422,1.822,0.9114,144.338,3.3781,67.231,0.8247
9/22/2003,22,9,2003,1,0.8214,1.3349,0.6545,165.299,4.8321,59.443,0.775
9/23/2003,23,9,2003,1,0.8559,1.9868,0.9034,165.158,4.9743,62.847,0.6739
9/24/2003,24,9,2003,1,0.8805,1.7662,0.6578,134.845,3.6354,52.872,0.7801
9/25/2003,25,9,2003,1,0.769,1.2517,0.8822,139.569,4.4834,52.868,0.7727
9/26/2003,26,9,2003,1,0.9123,1.4868,0.638,150.114,3.1304,60.809,0.7979
9/27/2003,27,9,2003,1,0.9237,1.9069,0.8446,147.79,3.195,55.805,0.7848
9/28/2003,28,9,2003,1,0.9227,1.3533,0.8478,167.864,4.3046,41.477,0.715
9/29/2003,29,9,2003,1,0.8573,1.9948,0.7316,145.749,3.5081,68.701,0.7409
9/30/2003,30,9,2003,1,0.8647,1.7131,0.743,134.478,3.3964,41.292,0.7536
10/1/2003,1,10,2003,1,0.9937,1.2881,0.8009,145.22,3.8164,60.432,0.7159
10/2/2003,2,10,2003,1,0.9277,1.8118,0.6572,139.458,3.2193,67.418,0.7126
10/3/2003,3,10,2003,1,0.7247,1.3552,0.6865,164.064,3.7468,56.315,0.7344
10/4/2003,4,10,2003,1,0.8635,1.4445,0.9282,165.174,4.5168,51.226,0.7691
10/5/2003,5,10,2003,1,0.8506,1.7646,0.8422,167.922,3.3967,51.35,0.6657
10/6/2003,6,10,2003,1,0.914,1.4223,0.6886,141.701,4.4773,53.294,0.7722
10/7/2003,7,10,2003,1,0.7305,1.2532,0.8292,152.092,3.2172,68.334,0.6627
10/8/2003,8,10,2003,1,0.7545,1.451,0.8688,153.945,4.0987,59.624,0.7293
10/9/2003,9,10,2003,1,0.9575,1.9903,0.7197,168.367,4.2621,56.655,0.722
10/10/2003,10,10,2003,1,0.7165,1.7408,0.7294,134.849,4.7027,63.518,0.7137
10/11/2003,11,10,2003,1,0.9437,1.4926,0.9481,151.701,3.6132,43.915,0.8099
10/12/2003,12,10,2003,1,0.7467,1.8782,0.8114,130.056,3.233,58.89,0.7776
10/13/2003,13,10,2003,1,0.9043,1.2021,0.7055,146.828,4.2903,53.68,0.8336
10/14/2003,14,10,2003,1,0.8758,1.9067,0.9561,154.732,3.3643,45.023,0.7326
10/15/2003,15,10,2003,1,0.792,1.8724,0.7633,130.813,4.3624,62.092,0.7186
10/16/2003,16,10,2003,1,0.9257,1.5436,0.928,138.885,4.1552,64.628,0.6557
10/17/2003,17,10,2003,1,0.8999,1.2225,0.7146,133.325,4.2324,49.249,0.8202
10/18/2003,18,10,2003,1,0.814,1.8709,0.6271,148.193,3.9363,47.057,0.722
10/19/2003,19,10,2003,1,0.8868,1.8306,0.894,156.985,3.0114,44.296,0.6642
10/20/2003,20,10,2003,1,0.9226,1.2136,0.9679,146.285,4.4604,42.142,0.6705
10/21/2003,21,10,2003,1,0.7511,1.5771,0.8583,139.551,3.0429,41.359,0.6847
10/22/2003,22,10,2003,1,0.7928,1.6917,0.9777,145.139,3.6108,64.95,0.8259
10/23/2003,23,10,2003,1,0.9786,1.3519,0.9993,134.4,4.9365,59.393,0.7819
10/24/2003,24,10,2003,1,0.6925,1.3391,0.8495,133.712,4.3019,60.298,0.7153
10/25/2003,25,10,2003,1,0.9627,1.2586,0.8939,162.992,4.5379,50.342,0.8342
10/26/2003,26,10,2003,1,0.8284,1.3537,0.9117,135.6,4.0473,65.364,0.6574
10/27/2003,27,10,2003,1,0.9281,1.7351,0.7507,165.676,3.6394,45.529,0.7228
10/28/2003,28,10,2003,1,0.6712,1.5756,0.6719,133.186,4.285,66.582,0.7519
10/29/2003,29,10,2003,1,0.7449,1.4565,0.9099,151.274,4.5051,64.993,0.7432
10/30/2003,30,10,2003,1,0.7362,1.6456,0.8528,137.503,4.8296,47.939,0.6566
10/31/2003,31,10,2003,1,0.9237,1.445,0.7143,155.489,4.9126,40.862,0.8093
11/1/2003,1,11,2003,1,0.7578,1.4387,0.6759,157.728,4.5306,62.354,0.699
11/2/2003,2,11,2003,1,0.7064,1.3321,0.7999,156.756,4.9019,62.005,0.6832
11/3/2003,3,11,2003,1,0.7869,1.7965,0.819,148.529,3.6202,59.906,0.7959
11/4/2003,4,11,2003,1,0.721,1.2336,0.6135,150.051,3.1581,60.307,0.6913
11/5/2003,5,11,2003,1,0.7276,1.4241,0.874,159.717,4.3549,40.789,0.8494
11/6/2003,6,11,2003,1,0.7504,1.8991,0.6226,141.832,4.7578,68.87,0.8009
11/7/2003,7,11,2003,1,0.6955,1.2303,0.9917,165.949,4.5942,50.745,0.8426
11/8/2003,8,11,2003,1,0.8704,1.5286,0.82,160.413,3.5974,51.253,0.6587
11/9/2003,9,11,2003,1,0.6959,1.2077,0.6777,147.593,3.9501,48.495,0.749
11/10/2003,10,11,2003,1,0.7901,1.6316,0.8795,144.37,4.4663,64.023,0.8187
11/11/2003,11,11,2003,1,0.8133,1.3506,0.6159,164.959,4.1521,55.865,0.7013
11/12/2003,12,11,2003,1,0.7662,1.9576,0.9705,149.309,3.4117,56.863,0.7051
11/13/2003,13,11,2003,1,0.8432,1.5591,0.657,136.977,4.1101,49.973,0.7561
11/14/2003,14,11,2003,1,0.8746,1.6407,0.7929,165.462,3.95,59.145,0.744
11/15/2003,15,11,2003,1,0.7092,1.8486,0.6461,148.814,3.8285,49.688,0.7562
11/16/2003,16,11,2003,1,0.8081,1.7351,0.8349,142.367,3.8739,65.199,0.7109
11/17/2003,17,11,2003,1,0.71,1.7513,0.6072,138.087,3.9304,69.178,0.8125
11/18/2003,18,11,2003,1,0.9884,1.6705,0.8922,142.178,4.6834,49.413,0.8476
11/19/2003,19,11,2003,1,0.9955,1.3379,0.7738,132.671,4.1018,58.612,0.7053
11/20/2003,20,11,2003,1,0.8075,1.3128,0.7989,165.515,3.3426,49.206,0.7997
11/21/2003,21,11,2003,1,0.772,1.9183,0.9165,160.744,4.9351,55.144,0.739
11/22/2003,22,11,2003,1,0.804,1.8174,0.9758,155.336,4.2858,55.868,0.8286
11/23/2003,23,11,2003,1,0.7944,1.6873,0.7933,149.241,4.3448,57.031,0.717
11/24/2003,24,11,2003,1,0.7844,1.8717,0.7296,162.64,4.1491,60.387,0.7587
11/25/2003,25,11,2003,1,0.9133,1.8669,0.6539,161.765,4.1646,63.8,0.7297
11/26/2003,26,11,2003,1,0.7917,1.4084,0.8293,146.709,3.8601,42.015,0.8403
11/27/2003,27,11,2003,1,0.9394,1.2449,0.7519,155.14,4.0532,57.129,0.7199
11/28/2003,28,11,2003,1,0.7747,1.864,0.648,159.465,3.6194,64.028,0.6551
11/29/2003,29,11,2003,1,0.9167,1.97,0.8227,144.714,3.5523,44.955,0.7978
11/30/2003,30,11,2003,1,0.7017,1.9349,0.7227,166,4.5493,55.454,0.7282
12/1/2003,1,12,2003,1,0.8721,1.6415,0.9754,152.083,4.6773,55.452,0.7835
12/2/2003,2,12,2003,1,0.9729,1.7039,0.8629,158.04,3.1714,67.318,0.6515
12/3/2003,3,12,2003,1,0.9096,1.877,0.6568,167.103,4.1257,51.586,0.6577
12/4/2003,4,12,2003,1,0.8762,1.28,0.6557,140.656,4.8242,65.917,0.6867
12/5/2003,5,12,2003,1,0.9613,1.9341,0.7225,142.488,3.1534,52.559,0.6868
12/6/2003,6,12,2003,1,0.9111,1.9819,0.89,165.042,3.4413,61.194,0.8019
12/7/2003,7,12,2003,1,0.6947,1.5955,0.775,150.977,4.3679,46.347,0.8101
12/8/2003,8,12,2003,1,0.9889,1.3286,0.7251,130.553,3.2274,44.723,0.7199
12/9/2003,9,12,2003,1,0.918,1.9544,0.8186,158.814,3.7798,44.226,0.658
12/10/2003,10,12,2003,1,0.9181,1.2673,0.8018,161.923,4.6095,68.502,0.6588
12/11/2003,11,12,2003,1,0.8405,1.656,0.6734,149.126,4.6193,52.649,0.7131
12/12/2003,12,12,2003,1,0.6812,1.7858,0.7391,153.368,3.2332,52.74,0.8437
12/13/2003,13,12,2003,1,0.8482,1.4593,0.7772,163.126,3.3326,58.272,0.6959
12/14/2003,14,12,2003,1,0.7771,1.7366,0.7702,139.445,3.6399,55.662,0.7656
12/15/2003,15,12,2003,1,0.9772,1.4335,0.8085,149.726,3.8472,54.443,0.7357
12/16/2003,16,12,2003,1,0.8164,1.9812,0.6223,166.701,3.1706,64.982,0.794
12/17/2003,17,12,2003,1,0.7837,1.847,0.6982,157.537,4.5773,56.874,0.7296
12/18/2003,18,12,2003,1,0.6814,1.3365,0.704,142.909,4.9446,63.334,0.7506
12/19/2003,19,12,2003,1,0.8259,1.4201,0.889,148.995,3.0129,60.654,0.7147
12/20/2003,20,12,2003,1,0.9495,1.646,0.9725,136.787,3.5889,43.565,0.8448
12/21/2003,21,12,2003,1,0.9258,1.9937,0.6908,131.314,4.6743,58.61,0.7352
12/22/2003,22,12,2003,1,0.6931,1.8101,0.7894,165.998,3.4584,54.74,0.7158
12/23/2003,23,12,2003,1,0.7101,1.3128,0.6101,158.505,4.7042,59.05,0.6976
12/24/2003,24,12,2003,1,0.9975,1.9241,0.9082,148.818,3.8917,58.69,0.7285
12/25/2003,25,12,2003,1,0.724,1.8463,0.706,157.456,3.4633,67.503,0.7697
12/26/2003,26,12,2003,1,0.9434,1.5872,0.7571,151.121,3.1296,58.026,0.7594
12/27/2003,27,12,2003,1,0.7945,1.714,0.7212,160.308,4.2369,65.765,0.6557
12/28/2003,28,12,2003,1,0.6887,1.4,0.6548,138.592,3.8923,48.156,0.8042
12/29/2003,29,12,2003,1,0.9303,1.3164,0.767,167.837,4.1869,57.362,0.831
12/30/2003,30,12,2003,1,0.8058,1.242,0.7682,163.989,3.6251,68.17,0.8351
12/31/2003,31,12,2003,1,0.8258,1.5469,0.8611,155.465,3.0664,60.262,0.7165
1/1/2004,1,1,2004,1,0.934,1.5653,0.7113,131.507,4.9595,44.605,0.8172
1/2/2004,2,1,2004,1,0.7925,1.4279,0.8625,135.606,3.7458,68.258,0.6619
1/3/2004,3,1,2004,1,0.9564,1.545,0.9801,130.115,3.7565,40.099,0.6526
1/4/2004,4,1,2004,1,0.8743,1.7007,0.9468,131.921,3.08,58.729,0.7885
1/5/2004,5,1,2004,1,0.7505,1.2105,0.7273,136.509,4.9338,65.765,0.8028
1/6/2004,6,1,2004,1,0.8796,1.6729,0.7067,141.674,4.05,60.726,0.6978
1/7/2004,7,1,2004,1,0.8096,1.6898,0.9293,157.427,4.0322,69.499,0.7898
1/8/2004,8,1,2004,1,0.9064,1.215,0.7361,164.068,4.6859,61.731,0.845
1/9/2004,9,1,2004,1,0.7493,1.5868,0.9423,147.712,4.4706,43.833,0.7395
1/10/2004,10,1,2004,1,0.8285,1.6627,0.6953,151.12,4.1156,62.097,0.7736
1/11/2004,11,1,2004,1,0.855,1.327,0.9796,152.89,3.9153,42.773,0.6832
1/12/2004,12,1,2004,1,0.7604,1.2862,0.9584,135.531,3.4012,42.27,0.718
1/13/2004,13,1,2004,1,0.8437,1.8532,0.8229,144.618,3.8112,50.305,0.8166
1/14/2004,14,1,2004,1,0.907,1.7522,0.6024,137.268,3.4295,47.423,0.8163
1/15/2004,15,1,2004,1,0.7883,1.3804,0.7787,148.54,4.7165,60.712,0.6737
1/16/2004,16,1,2004,1,0.8832,1.8181,0.8946,153.372,4.1192,56.132,0.7848
1/17/2004,17,1,2004,1,0.7586,1.4036,0.9715,152.305,4.7955,56.575,0.6893
1/18/2004,18,1,2004,1,0.8724,1.6909,0.66,150.072,3.4432,47.076,0.7684
1/19/2004,19,1,2004,1,0.8507,1.2967,0.6959,145.193,3.5748,49.192,0.684
1/20/2004,20,1,2004,1,0.9836,1.344,0.6148,150.048,4.3577,62.589,0.8158
1/21/2004,21,1,2004,1,0.9654,1.9842,0.7177,147.275,3.0057,61.073,0.6511
1/22/2004,22,1,2004,1,0.8873,1.5346,0.9396,139.404,3.835,61.035,0.8219
1/23/2004,23,1,2004,1,0.857,1.9834,0.635,143.494,3.1751,43.755,0.8459
1/24/2004,24,1,2004,1,0.9239,1.6913,0.9956,153.941,3.2477,46.718,0.7263
1/25/2004,25,1,2004,1,0.9866,1.2917,0.9917,158.375,4.3396,46.413,0.7723
1/26/2004,26,1,2004,1,0.8032,1.5199,0.821,160.92,4.5371,41.169,0.8438
1/27/2004,27,1,2004,1,0.9819,1.5922,0.9169,153.734,4.6869,54.121,0.6568
1/28/2004,28,1,2004,1,0.8591,1.9379,0.8221,155.491,4.9685,46.833,0.7403
1/29/2004,29,1,2004,1,0.6777,1.9749,0.7503,148.433,4.6738,51.773,0.6873
1/30/2004,30,1,2004,1,0.8724,1.3567,0.8704,161.805,4.7092,53.881,0.8373
1/31/2004,31,1,2004,1,0.787,1.6502,0.7474,142.96,3.6903,45.412,0.7359
2/1/2004,1,2,2004,1,0.7407,1.3974,0.9989,133.171,4.1946,53.083,0.7036
2/2/2004,2,2,2004,1,0.8464,1.4993,0.9465,136.575,3.7203,51.645,0.7061
2/3/2004,3,2,2004,1,0.7136,1.7977,0.6086,160.284,3.9139,57.178,0.7583
2/4/2004,4,2,2004,1,0.6707,1.6083,0.805,162.068,4.0268,56.007,0.7021
2/5/2004,5,2,2004,1,0.7899,1.6454,0.6615,144.479,4.3901,46.935,0.734
2/6/2004,6,2,2004,1,0.7742,1.984,0.9759,137.336,4.7155,42.319,0.6573
2/7/2004,7,2,2004,1,0.8888,1.3943,0.7242,149.305,4.2197,46.429,0.6516
2/8/2004,8,2,2004,1,0.9128,1.734,0.7393,132.788,3.564,52.423,0.7135
2/9/2004,9,2,2004,1,0.8036,1.9234,0.7899,138.688,4.704,44.568,0.8222
2/10/2004,10,2,2004,1,0.9183,1.7594,0.6505,167.808,4.7718,54.125,0.8097
2/11/2004,11,2,2004,1,0.7485,1.4814,0.7673,165.603,4.1195,57.544,0.7006
2/12/2004,12,2,2004,1,0.7081,1.3594,0.9395,150.574,3.436,47.185,0.6978
2/13/2004,13,2,2004,1,0.7847,1.9316,0.6377,147.076,4.0152,53.079,0.8089
2/14/2004,14,2,2004,1,0.9835,1.2256,0.9477,148.584,3.6757,44.43,0.7159
2/15/2004,15,2,2004,1,0.8135,1.6292,0.8331,157.275,3.8624,45.546,0.8377
2/16/2004,16,2,2004,1,0.9293,1.2413,0.795,147.576,3.4329,49.07,0.7317
2/17/2004,17,2,2004,1,0.7279,1.8889,0.9685,137.458,3.9575,64.64,0.8415
2/18/2004,18,2,2004,1,0.7919,1.2635,0.8618,146.637,4.2294,66.042,0.701
2/19/2004,19,2,2004,1,0.964,1.596,0.8654,163.445,3.9136,62.409,0.6896
2/20/2004,20,2,2004,1,0.9863,1.8133,0.6428,135.731,4.3663,40.928,0.8234
2/21/2004,21,2,2004,1,0.8709,1.7048,0.9282,161.852,3.5005,69.058,0.7749
2/22/2004,22,2,2004,1,0.6815,1.3974,0.9414,154.837,3.4361,68.076,0.7751
2/23/2004,23,2,2004,1,0.7674,1.6566,0.9415,153.349,4.9918,40.462,0.6536
2/24/2004,24,2,2004,1,0.7156,1.2622,0.9204,143.814,4.9575,64.196,0.7541
2/25/2004,25,2,2004,1,0.8145,1.8493,0.6905,150.704,4.6629,61.154,0.8313
2/26/2004,26,2,2004,1,0.7562,1.5694,0.8714,142.572,3.9289,51.054,0.7894
2/27/2004,27,2,2004,1,0.8314,1.3039,0.8829,154.891,4.2307,59.401,0.6894
2/28/2004,28,2,2004,1,0.7675,1.5089,0.6523,162.089,3.322,61.457,0.7474
2/29/2004,29,2,2004,1,0.9867,1.8871,0.7994,148.114,3.6472,50.124,0.6689
3/1/2004,1,3,2004,1,0.9679,1.4746,0.7593,144.685,3.3085,43.881,0.8281
3/2/2004,2,3,2004,1,0.884,1.5261,0.8784,165.304,4.3329,66.19,0.7841
3/3/2004,3,3,2004,1,0.6784,1.3633,0.6331,142.903,4.0524,62.759,0.8012
3/4/2004,4,3,2004,1,0.8017,1.5057,0.7653,144.158,3.3719,63.872,0.6976
3/5/2004,5,3,2004,1,0.9089,1.7217,0.809,156.533,4.8112,60.682,0.7121
3/6/2004,6,3,2004,1,0.857,1.3493,0.7025,142.531,4.4297,51.222,0.7095
3/7/2004,7,3,2004,1,0.7775,1.3981,0.9765,161.234,3.5868,53.508,0.8107
3/8/2004,8,3,2004,1,0.8203,1.437,0.7825,146.892,3.4238,40.804,0.6641
3/9/2004,9,3,2004,1,0.7259,1.3481,0.7344,145.483,3.2611,61.59,0.6858
3/10/2004,10,3,2004,1,0.9803,1.2173,0.6054,161.573,4.4762,51.208,0.7575
3/11/2004,11,3,2004,1,0.9077,1.2281,0.9648,142.307,3.3922,56.248,0.7273
3/12/2004,12,3,2004,1,0.978,1.8125,0.7357,137.103,4.7337,56.125,0.7318
3/13/2004,13,3,2004,1,0.9174,1.2302,0.6505,164.322,4.6247,57.574,0.7268
3/14/2004,14,3,2004,1,0.7968,1.9676,0.8503,158.046,3.2925,53.357,0.7172
3/15/2004,15,3,2004,1,0.8176,1.7235,0.8751,169.459,4.5317,50.171,0.7658
3/16/2004,16,3,2004,1,0.7497,1.2132,0.7123,164.103,4.9251,53.077,0.7584
3/17/2004,17,3,2004,1,0.9094,1.5639,0.9996,149.374,3.6635,56.462,0.817
3/18/2004,18,3,2004,1,0.9667,1.2827,0.9726,151.184,3.0525,68.581,0.6675
3/19/2004,19,3,2004,1,0.7062,1.4142,0.6092,140.385,4.7867,53.298,0.698
3/20/2004,20,3,2004,1,0.8991,1.2181,0.8041,153.482,3.1563,54.761,0.7483
3/21/2004,21,3,2004,1,0.9268,1.5916,0.6814,161.354,3.4048,69.976,0.6681
3/22/2004,22,3,2004,1,0.9073,1.8386,0.7223,165.97,3.838,61.537,0.7771
3/23/2004,23,3,2004,1,0.843,1.2642,0.8818,143.291,3.3052,56.699,0.655
3/24/2004,24,3,2004,1,0.9776,1.9296,0.8993,166.037,3.0422,54.861,0.7963
3/25/2004,25,3,2004,1,0.9072,1.328,0.6055,163.337,3.2604,52.109,0.6872
3/26/2004,26,3,2004,1,0.7868,1.8466,0.7754,154.089,3.9771,52.116,0.8237
3/27/2004,27,3,2004,1,0.8021,1.8649,0.7728,161.892,4.9755,63.704,0.8118
3/28/2004,28,3,2004,1,0.8752,1.3867,0.7298,155.252,3.9016,67.483,0.7011
3/29/2004,29,3,2004,1,0.8705,1.518,0.7016,153.531,4.4501,69.036,0.7109
3/30/2004,30,3,2004,1,0.8556,1.2609,0.9753,165.103,4.7492,52.496,0.8455
3/31/2004,31,3,2004,1,0.8719,1.8548,0.713,158.357,3.4066,51.602,0.7217
4/1/2004,1,4,2004,1,0.8522,1.6152,0.6803,160.799,4.0587,44.801,0.7408
4/2/2004,2,4,2004,1,0.9608,1.8576,0.814,138.584,3.8428,43.602,0.8384
4/3/2004,3,4,2004,1,0.8378,1.2599,0.9654,148.82,4.6946,45.164,0.845
4/4/2004,4,4,2004,1,0.7395,1.9027,0.7027,147.152,4.8748,51.593,0.6601
4/5/2004,5,4,2004,1,0.8666,1.6689,0.9612,155.153,3.0194,62.892,0.7047
4/6/2004,6,4,2004,1,0.8272,1.2526,0.7323,141.487,3.3813,43.712,0.7672
4/7/2004,7,4,2004,1,0.946,1.795,0.9291,158.362,3.8146,58.708,0.8415
4/8/2004,8,4,2004,1,0.9973,1.8483,0.8398,136.357,3.5332,69.171,0.7851
4/9/2004,9,4,2004,1,0.8296,1.5874,0.7977,156.995,4.9911,53.745,0.7257
4/10/2004,10,4,2004,1,0.6939,1.6952,0.777,145.017,3.2484,49.476,0.8001
4/11/2004,11,4,2004,1,0.7092,1.9562,0.6214,168.657,4.8927,42.436,0.7603
4/12/2004,12,4,2004,1,0.7147,1.5374,0.8202,151.966,4.1618,63.609,0.7813
4/13/2004,13,4,2004,1,0.7637,1.8411,0.7882,137.374,3.5405,42.583,0.7914
4/14/2004,14,4,2004,1,0.8936,1.5995,0.8625,152.675,4.4519,40.022,0.817
4/15/2004,15,4,2004,1,0.7732,1.6886,0.7202,144.837,3.5084,56.519,0.8353
4/16/2004,16,4,2004,1,0.7888,1.6632,0.9716,137.991,4.4917,60.954,0.6623
4/17/2004,17,4,2004,1,0.9004,1.9042,0.8473,136.052,3.2871,67.204,0.8489
4/18/2004,18,4,2004,1,0.7438,1.7624,0.6367,134.243,3.119,49.937,0.8035
4/19/2004,19,4,2004,1,0.7985,1.2395,0.9638,161.33,4.0922,59.514,0.6565
4/20/2004,20,4,2004,1,0.7829,1.667,0.8175,153.996,3.6714,66.204,0.7568
4/21/2004,21,4,2004,1,0.8365,1.2745,0.8032,164.492,3.6735,63.073,0.779
4/22/2004,22,4,2004,1,0.8537,1.7403,0.8353,142.038,3.2933,56.602,0.8047
4/23/2004,23,4,2004,1,0.8263,1.741,0.8312,134.016,3.553,42.293,0.7921
4/24/2004,24,4,2004,1,0.9884,1.2469,0.7062,132.933,3.9745,57.529,0.7425
4/25/2004,25,4,2004,1,0.8695,1.5303,0.8199,137.099,4.3786,64.451,0.8042
4/26/2004,26,4,2004,1,0.7054,1.7946,0.9117,169.894,3.9739,49.937,0.6678
4/27/2004,27,4,2004,1,0.8661,1.9574,0.6309,150.858,3.2089,59.099,0.8305
4/28/2004,28,4,2004,1,0.6929,1.7592,0.7898,162.122,3.539,67.508,0.7399
4/29/2004,29,4,2004,1,0.9341,1.74,0.8573,130.347,3.3919,48.828,0.728
4/30/2004,30,4,2004,1,0.8329,1.8439,0.6392,140.105,3.2984,69.701,0.6584
5/1/2004,1,5,2004,1,0.8449,1.9152,0.749,162.624,4.43,56.71,0.6909
5/2/2004,2,5,2004,1,0.8693,1.771,0.9303,136.516,3.7869,51.397,0.8424
5/3/2004,3,5,2004,1,0.8368,1.239,0.9,147.674,3.6892,67.822,0.849
5/4/2004,4,5,2004,1,0.7116,1.3591,0.7301,135.561,3.1021,47.657,0.812
5/5/2004,5,5,2004,1,0.7437,1.2589,0.9553,136.514,4.5511,60.778,0.8208
5/6/2004,6,5,2004,1,0.9294,1.5974,0.8264,161.63,3.6394,63.057,0.8173
5/7/2004,7,5,2004,1,0.9964,1.2694,0.7455,150.531,3.2239,67.858,0.7324
5/8/2004,8,5,2004,1,0.6843,1.7558,0.9381,154.963,3.7539,59.678,0.7811
5/9/2004,9,5,2004,1,0.8975,1.3326,0.7015,143.545,3.1994,66.532,0.7547
5/10/2004,10,5,2004,1,0.9816,1.2192,0.9495,141.286,4.8398,65.596,0.7798
5/11/2004,11,5,2004,1,0.9563,1.6974,0.6143,134.476,3.6598,51.445,0.7717
5/12/2004,12,5,2004,1,0.9969,1.9997,0.9564,143.722,4.1215,56.3,0.6883
5/13/2004,13,5,2004,1,0.6707,1.2235,0.8169,131.406,4.3735,42.585,0.8393
5/14/2004,14,5,2004,1,0.9418,1.5819,0.7955,152.517,3.5757,58.275,0.7075
5/15/2004,15,5,2004,1,0.7237,1.8765,0.9962,137.123,3.47,60.81,0.7068
5/16/2004,16,5,2004,1,0.705,1.6802,0.6187,161.315,4.6815,68.449,0.7534
5/17/2004,17,5,2004,1,0.9532,1.4125,0.8093,157.723,3.8966,43.935,0.7431
5/18/2004,18,5,2004,1,0.7614,1.827,0.8796,153.486,3.9107,53.539,0.6679
5/19/2004,19,5,2004,1,0.787,1.8563,0.7134,130.352,4.3057,55.107,0.8082
5/20/2004,20,5,2004,1,0.943,1.5324,0.6053,140.617,3.195,69.999,0.7367
5/21/2004,21,5,2004,1,0.8712,1.6448,0.6696,135.998,4.9167,66.202,0.7112
5/22/2004,22,5,2004,1,0.7613,1.481,0.7084,149.464,4.1938,42.328,0.7425
5/23/2004,23,5,2004,1,0.764,1.4889,0.8068,169.568,4.2478,51.947,0.6808
5/24/2004,24,5,2004,1,0.8613,1.9652,0.6414,161.015,3.6608,69.001,0.7408
5/25/2004,25,5,2004,1,0.8523,1.7349,0.6307,131.052,3.1841,51.659,0.7499
5/26/2004,26,5,2004,1,0.7379,1.2645,0.9455,133.706,3.0463,44.238,0.8074
5/27/2004,27,5,2004,1,0.683,1.7295,0.7224,133.104,4.6508,46.961,0.8197
5/28/2004,28,5,2004,1,0.763,1.3276,0.9485,154.81,3.8415,47.69,0.6708
5/29/2004,29,5,2004,1,0.8006,1.499,0.8716,140.423,4.1095,47.578,0.7504
5/30/2004,30,5,2004,1,0.8553,1.9434,0.6663,163.154,3.2172,42.959,0.8108
5/31/2004,31,5,2004,1,0.9881,1.4762,0.7763,144.713,4.9781,41.215,0.7301
6/1/2004,1,6,2004,1,0.8718,1.9341,0.9841,166.321,3.3734,40.788,0.8308
6/2/2004,2,6,2004,1,0.759,1.9259,0.8746,164.043,3.3009,59.154,0.7886
6/3/2004,3,6,2004,1,0.8738,1.2604,0.6803,168.083,3.8618,67.04,0.7616
6/4/2004,4,6,2004,1,0.6889,1.4146,0.6632,133.724,4.5529,63.995,0.7118
6/5/2004,5,6,2004,1,0.9206,1.246,0.6235,152.813,4.3039,69.633,0.7521
6/6/2004,6,6,2004,1,0.6846,1.3549,0.6876,139.063,3.0767,51.252,0.7887
6/7/2004,7,6,2004,1,0.6804,1.6814,0.7173,145.948,3.2525,58.374,0.7237
6/8/2004,8,6,2004,1,0.8765,1.5811,0.871,157.152,3.2961,63.312,0.8365
6/9/2004,9,6,2004,1,0.9551,1.5414,0.9814,164.188,3.82,68.677,0.846
6/10/2004,10,6,2004,1,0.846,1.6893,0.6636,140.824,4.9033,42.161,0.6596
6/11/2004,11,6,2004,1,0.8542,1.4666,0.6476,140.173,4.6581,50.857,0.7574
6/12/2004,12,6,2004,1,0.8392,1.3661,0.7389,143.134,4.6342,62.287,0.6708
6/13/2004,13,6,2004,1,0.9896,1.7035,0.6414,147.265,4.5691,49.702,0.8313
6/14/2004,14,6,2004,1,0.8145,1.8036,0.8764,158.388,3.1126,53.889,0.6727
6/15/2004,15,6,2004,1,0.7225,1.2291,0.8162,146.047,4.1756,65.676,0.6912
6/16/2004,16,6,2004,1,0.6911,1.3292,0.7107,130.244,3.4789,51.388,0.7065
6/17/2004,17,6,2004,1,0.7837,1.9724,0.979,140.43,4.3547,47.133,0.6772
6/18/2004,18,6,2004,1,0.6841,1.9209,0.8084,135.322,4.96,49.453,0.7925
6/19/2004,19,6,2004,1,0.6979,1.8435,0.8345,161.481,3.9269,63.289,0.7497
6/20/2004,20,6,2004,1,0.7978,1.7584,0.7038,153.307,3.9266,61.695,0.6846
6/21/2004,21,6,2004,1,0.988,1.205,0.685,168.808,3.2947,41.35,0.8177
6/22/2004,22,6,2004,1,0.9413,1.4398,0.9163,140.327,3.518,56.295,0.7359
6/23/2004,23,6,2004,1,0.8103,1.5035,0.7126,146.199,4.7178,55.016,0.7994
6/24/2004,24,6,2004,1,0.9198,1.5544,0.9701,145.856,3.4888,48.848,0.6933
6/25/2004,25,6,2004,1,0.71,1.9198,0.7729,167.619,4.7532,47.238,0.6969
6/26/2004,26,6,2004,1,0.9029,1.7263,0.8487,137.447,3.273,52.081,0.7133
6/27/2004,27,6,2004,1,0.9194,1.8802,0.8016,166.788,4.5775,52.197,0.8328
6/28/2004,28,6,2004,1,0.7787,1.4508,0.9094,147.106,4.4115,54.842,0.6857
6/29/2004,29,6,2004,1,0.8475,1.7547,0.9788,155.248,3.8703,60.392,0.7134
6/30/2004,30,6,2004,1,0.9319,1.8903,0.6573,131.248,3.2634,49.829,0.7779
7/1/2004,1,7,2004,1,0.9598,1.4816,0.8268,133.993,3.0359,44.633,0.8091
7/2/2004,2,7,2004,1,0.9569,1.3021,0.79,146.843,3.9191,53.725,0.8476
7/3/2004,3,7,2004,1,0.6855,1.7568,0.9751,161.008,3.3736,42.004,0.7626
7/4/2004,4,7,2004,1,0.8099,1.4794,0.9073,139.447,4.1884,46.234,0.7192
7/5/2004,5,7,2004,1,0.9195,1.7011,0.7737,166.416,3.1134,57.054,0.7096
7/6/2004,6,7,2004,1,0.7353,1.8479,0.6687,143.301,4.4863,66.914,0.7807
7/7/2004,7,7,2004,1,0.7467,1.8342,0.6912,136,3.6422,43.06,0.7926
7/8/2004,8,7,2004,1,0.7735,1.2075,0.8539,168.769,3.0707,62.998,0.7375
7/9/2004,9,7,2004,1,0.7869,1.808,0.9334,169.726,4.3449,48.669,0.6891
7/10/2004,10,7,2004,1,0.922,1.5557,0.8143,151.339,3.7892,60.913,0.7976
7/11/2004,11,7,2004,1,0.6745,1.2731,0.802,142.076,4.2394,48.173,0.8395
7/12/2004,12,7,2004,1,0.8224,1.3279,0.7747,139.839,3.6891,51.43,0.8004
7/13/2004,13,7,2004,1,0.8459,1.4314,0.9622,133.902,3.7292,69.195,0.66
7/14/2004,14,7,2004,1,0.6995,1.5634,0.6188,133.503,4.3224,43.107,0.8088
7/15/2004,15,7,2004,1,0.7778,1.7684,0.9883,138.973,3.5571,40.515,0.7992
7/16/2004,16,7,2004,1,0.9258,1.7379,0.7598,165.381,4.1034,46.198,0.7287
7/17/2004,17,7,2004,1,0.8571,1.7271,0.8788,159.028,4.7011,54.986,0.6882
7/18/2004,18,7,2004,1,0.6944,1.9072,0.6907,167.537,4.6861,59.7,0.7084
7/19/2004,19,7,2004,1,0.8727,1.488,0.6304,165.789,3.1453,61.883,0.7647
7/20/2004,20,7,2004,1,0.78,1.2006,0.9559,142.076,4.1824,43.986,0.6601
7/21/2004,21,7,2004,1,0.8143,1.6238,0.9652,158.856,3.4845,42.847,0.6594
7/22/2004,22,7,2004,1,0.8111,1.3917,0.6913,159.565,4.6053,48.62,0.7553
7/23/2004,23,7,2004,1,0.7063,1.256,0.7547,132.477,3.3065,48.948,0.7834
7/24/2004,24,7,2004,1,0.8852,1.5671,0.6064,166.248,4.9639,66.602,0.8033
7/25/2004,25,7,2004,1,0.7376,1.5498,0.8532,130.077,4.5246,50.454,0.8107
7/26/2004,26,7,2004,1,0.9452,1.5445,0.7353,152.753,3.7082,44.063,0.7515
7/27/2004,27,7,2004,1,0.6833,1.5915,0.8643,167.474,3.8868,68.49,0.7574
7/28/2004,28,7,2004,1,0.8426,1.7275,0.8347,135.024,3.1095,51.145,0.7998
7/29/2004,29,7,2004,1,0.8403,1.2196,0.6512,165.893,4.1321,45.421,0.8018
7/30/2004,30,7,2004,1,0.7686,1.5536,0.7615,161.416,3.4123,65.857,0.6627
7/31/2004,31,7,2004,1,0.9148,1.423,0.9635,151.19,4.2194,47.064,0.7548
8/1/2004,1,8,2004,1,0.7908,1.9722,0.9553,145.474,3.5699,40.237,0.7751
8/2/2004,2,8,2004,1,0.871,1.408,0.6936,137.606,3.5131,68.521,0.8486
8/3/2004,3,8,2004,1,0.6906,1.505,0.735,158.724,4.1502,68.591,0.816
8/4/2004,4,8,2004,1,0.7895,1.9666,0.9354,130.33,3.408,68.588,0.6811
8/5/2004,5,8,2004,1,0.8705,1.2915,0.7934,151.982,3.978,65.248,0.7531
8/6/2004,6,8,2004,1,0.7673,1.9265,0.7198,154.37,4.1825,52.375,0.8087
8/7/2004,7,8,2004,1,0.7761,1.8336,0.8263,168.267,4.4424,62.863,0.7993
8/8/2004,8,8,2004,1,0.8802,1.4365,0.8409,141.964,3.0961,68.702,0.8034
8/9/2004,9,8,2004,1,0.7465,1.8252,0.752,164.553,3.0489,59.158,0.7844
8/10/2004,10,8,2004,1,0.6733,1.8207,0.8707,148.484,4.5148,59.661,0.7832
8/11/2004,11,8,2004,1,0.9788,1.7679,0.6391,148.375,3.3534,53.599,0.6601
8/12/2004,12,8,2004,1,0.7774,1.9786,0.6853,152.416,3.9593,52.24,0.6858
8/13/2004,13,8,2004,1,0.8906,1.8912,0.9224,159.891,3.0889,68.32,0.8002
8/14/2004,14,8,2004,1,0.6918,1.4972,0.7749,164.343,3.5881,48.94,0.7778
8/15/2004,15,8,2004,1,0.7949,1.3348,0.8752,158.608,4.0037,48.283,0.7516
8/16/2004,16,8,2004,1,0.9916,1.9396,0.7981,161.164,3.4088,62.426,0.6727
8/17/2004,17,8,2004,1,0.8549,1.441,0.6917,160.888,3.8009,62.012,0.7201
8/18/2004,18,8,2004,1,0.9453,1.2955,0.709,159.819,4.0958,66.522,0.6722
8/19/2004,19,8,2004,1,0.8818,1.6782,0.6482,154.119,3.8452,63.624,0.7762
8/20/2004,20,8,2004,1,0.9708,1.7379,0.9456,151.767,3.0242,54.867,0.6761
8/21/2004,21,8,2004,1,0.8157,1.4558,0.9868,133.923,4.0459,49.507,0.68
8/22/2004,22,8,2004,1,0.9436,1.5934,0.9452,156.403,4.6287,50.605,0.7694
8/23/2004,23,8,2004,1,0.8188,1.2276,0.8122,154.549,3.3797,46.989,0.7391
8/24/2004,24,8,2004,1,0.6941,1.4428,0.8884,136.302,3.5807,53.383,0.7164
8/25/2004,25,8,2004,1,0.8771,1.3125,0.6462,148.08,4.4957,55.034,0.8371
8/26/2004,26,8,2004,1,0.9017,1.858,0.9342,132.752,4.6777,68.981,0.6622
8/27/2004,27,8,2004,1,0.8009,1.7109,0.7122,159.85,4.0954,68.493,0.6713
8/28/2004,28,8,2004,1,0.8639,1.3801,0.6797,142.68,3.5673,68.679,0.7524
8/29/2004,29,8,2004,1,0.8521,1.3768,0.7827,152.625,4.6971,54.346,0.7112
8/30/2004,30,8,2004,1,0.84,1.4967,0.7056,135.075,3.8365,56.23,0.8141
8/31/2004,31,8,2004,1,0.8629,1.4116,0.7688,166.933,3.1823,51.194,0.7541
9/1/2004,1,9,2004,1,0.9077,1.3426,0.7427,133.868,3.1961,55.523,0.7558
9/2/2004,2,9,2004,1,0.9812,1.5785,0.702,167.324,3.5896,59.77,0.7406
9/3/2004,3,9,2004,1,0.8159,1.3345,0.6528,149.112,3.738,53.858,0.6596
9/4/2004,4,9,2004,1,0.8771,1.6642,0.9845,144.203,4.1537,55.447,0.8357
9/5/2004,5,9,2004,1,0.7675,1.7197,0.8725,166.626,3.7614,51.982,0.8292
9/6/2004,6,9,2004,1,0.9706,1.7391,0.7647,145.841,3.3291,69.674,0.8013
9/7/2004,7,9,2004,1,0.9522,1.7122,0.6712,146.184,4.2987,50.657,0.6801
9/8/2004,8,9,2004,1,0.6852,1.3596,0.7254,156.782,4.359,65.096,0.7483
9/9/2004,9,9,2004,1,0.8468,1.3507,0.7974,165.723,3.9251,63.063,0.7678
9/10/2004,10,9,2004,1,0.9815,1.4466,0.7695,159.902,3.2389,56.024,0.7106
9/11/2004,11,9,2004,1,0.9786,1.5209,0.9169,143.303,4.7087,56.114,0.8228
9/12/2004,12,9,2004,1,0.9558,1.2179,0.7465,141.733,3.7305,47.71,0.6701
9/13/2004,13,9,2004,1,0.6727,1.2276,0.648,141.503,4.0723,56.683,0.7971
9/14/2004,14,9,2004,1,0.7654,1.792,0.9049,132.374,4.9384,46.963,0.6779
9/15/2004,15,9,2004,1,0.7381,1.8282,0.8886,145.672,4.7401,42.808,0.7735
9/16/2004,16,9,2004,1,0.745,1.5767,0.6067,149.421,3.401,68.042,0.7003
9/17/2004,17,9,2004,1,0.7395,1.2012,0.7096,144.813,3.7208,62.364,0.7413
9/18/2004,18,9,2004,1,0.7916,1.3884,0.7521,141.071,3.5678,60.948,0.721
9/19/2004,19,9,2004,1,0.6813,1.6141,0.693,152.617,4.2905,59.165,0.7663
9/20/2004,20,9,2004,1,0.7374,1.5399,0.6091,155.178,4.7805,51.224,0.6772
9/21/2004,21,9,2004,1,0.766,1.3251,0.9037,132.368,3.9706,47.065,0.7177
9/22/2004,22,9,2004,1,0.9878,1.3365,0.6388,160.294,4.1321,60.224,0.6697
9/23/2004,23,9,2004,1,0.7292,1.7369,0.8417,158.725,4.8345,58.009,0.8398
9/24/2004,24,9,2004,1,0.8017,1.5997,0.9136,163.464,4.8954,69.008,0.7328
9/25/2004,25,9,2004,1,0.7313,1.2161,0.6531,157.866,3.1342,49.365,0.8195
9/26/2004,26,9,2004,1,0.9406,1.3535,0.8638,142.407,3.166,59.715,0.8155
9/27/2004,27,9,2004,1,0.9904,1.7395,0.9423,134.305,3.3565,45.632,0.8407
9/28/2004,28,9,2004,1,0.9424,1.9787,0.928,162.459,3.1688,44.969,0.7372
9/29/2004,29,9,2004,1,0.8744,1.6184,0.9259,134.496,3.1731,47.774,0.6504
9/30/2004,30,9,2004,1,0.821,1.6108,0.651,139.287,3.6392,63.136,0.6878
10/1/2004,1,10,2004,1,0.8876,1.388,0.7609,156.053,3.6458,65.498,0.8403
10/2/2004,2,10,2004,1,0.7097,1.9983,0.6809,151.06,4.1138,55.692,0.8104
10/3/2004,3,10,2004,1,0.7123,1.7293,0.7633,168.733,4.5532,57.693,0.762
10/4/2004,4,10,2004,1,0.9003,1.311,0.6767,143.57,4.3399,46.63,0.7208
10/5/2004,5,10,2004,1,0.763,1.724,0.6254,164.504,4.0288,56.821,0.7468
10/6/2004,6,10,2004,1,0.809,1.7524,0.8598,137.674,4.1543,55.497,0.7856
10/7/2004,7,10,2004,1,0.7155,1.8047,0.7338,144.939,4.4744,65.897,0.6579
10/8/2004,8,10,2004,1,0.8475,1.5115,0.8862,160.521,4.2081,47.824,0.8318
10/9/2004,9,10,2004,1,0.8556,1.8154,0.7101,152.551,3.7544,44.495,0.7584
10/10/2004,10,10,2004,1,0.6775,1.9482,0.9531,131.378,3.9809,44.798,0.6958
10/11/2004,11,10,2004,1,0.8079,1.3247,0.8357,151.558,4.9527,48.714,0.7302
10/12/2004,12,10,2004,1,0.7381,1.4888,0.8608,141.334,4.6904,46.882,0.6559
10/13/2004,13,10,2004,1,0.7632,1.8473,0.9125,146.749,3.3802,57.513,0.6654
10/14/2004,14,10,2004,1,0.911,1.2831,0.856,168.28,3.2666,45.711,0.6822
10/15/2004,15,10,2004,1,0.9647,1.4641,0.6412,155.916,4.179,69.597,0.8001
10/16/2004,16,10,2004,1,0.9228,1.2892,0.7839,130.771,3.2475,42.073,0.7199
10/17/2004,17,10,2004,1,0.7833,1.6011,0.615,148.086,3.603,46.366,0.8247
10/18/2004,18,10,2004,1,0.9628,1.2334,0.9183,154.533,4.1314,54.123,0.7679
10/19/2004,19,10,2004,1,0.8249,1.8633,0.711,150.498,3.4739,49.549,0.7412
10/20/2004,20,10,2004,1,0.905,1.9043,0.823,160.913,3.1284,65.766,0.6939
10/21/2004,21,10,2004,1,0.8141,1.3113,0.9904,148.882,4.2276,41.136,0.6554
10/22/2004,22,10,2004,1,0.8579,1.7998,0.813,141.258,3.2091,47.858,0.783
10/23/2004,23,10,2004,1,0.8433,1.923,0.7519,152.694,4.7835,66.847,0.7164
10/24/2004,24,10,2004,1,0.8428,1.6321,0.7944,155.6,3.3,50.992,0.7652
10/25/2004,25,10,2004,1,0.7235,1.876,0.9418,152.762,3.9812,60.787,0.8017
10/26/2004,26,10,2004,1,0.7873,1.2455,0.9325,132.251,4.3068,47.438,0.7149
10/27/2004,27,10,2004,1,0.856,1.688,0.9331,148.137,4.8341,58.122,0.6804
10/28/2004,28,10,2004,1,0.926,1.6462,0.6528,162.712,3.2827,67.838,0.818
10/29/2004,29,10,2004,1,0.8225,1.7279,0.8293,169.327,4.8847,59.853,0.7307
10/30/2004,30,10,2004,1,0.8983,1.978,0.8693,164.51,3.7509,50.88,0.6704
10/31/2004,31,10,2004,1,0.7955,1.4981,0.8322,148.447,4.4015,64.083,0.7468
11/1/2004,1,11,2004,1,0.9734,1.2486,0.8828,156.701,3.6305,61.382,0.7467
11/2/2004,2,11,2004,1,0.849,1.2266,0.8466,151.597,3.6821,41.987,0.6949
11/3/2004,3,11,2004,1,0.9279,1.5997,0.956,142.279,4.8471,58.311,0.7168
11/4/2004,4,11,2004,1,0.8537,1.3005,0.8989,151.615,3.5523,66.899,0.85
11/5/2004,5,11,2004,1,0.7126,1.2528,0.7108,154.792,4.1792,50.626,0.6904
11/6/2004,6,11,2004,1,0.8855,1.799,0.9415,150.738,3.5945,44.306,0.7466
11/7/2004,7,11,2004,1,0.7733,1.6076,0.7825,138.442,3.882,65.567,0.8447
11/8/2004,8,11,2004,1,0.897,1.7325,0.9923,150.039,4.4389,48.688,0.8178
11/9/2004,9,11,2004,1,0.8519,1.2482,0.6904,155.119,3.6731,45.035,0.8221
11/10/2004,10,11,2004,1,0.7803,1.7961,0.6384,143.629,4.9727,63.274,0.8367
11/11/2004,11,11,2004,1,0.7385,1.8225,0.8781,143.778,4.3356,57.987,0.6711
11/12/2004,12,11,2004,1,0.7966,1.3915,0.6421,143.789,3.8076,58.842,0.7553
11/13/2004,13,11,2004,1,0.848,1.4802,0.804,151.873,4.7673,65.922,0.6824
11/14/2004,14,11,2004,1,0.7728,1.3711,0.7842,167.05,4.3819,44.972,0.8071
11/15/2004,15,11,2004,1,0.9365,1.7497,0.9633,132.584,3.6352,42.193,0.7825
11/16/2004,16,11,2004,1,0.9142,1.9057,0.9181,133.796,3.838,40.924,0.7635
11/17/2004,17,11,2004,1,0.7305,1.5234,0.9063,131.351,3.2266,43.48,0.7706
11/18/2004,18,11,2004,1,0.671,1.4139,0.6038,132.304,4.6781,58.398,0.7358
11/19/2004,19,11,2004,1,0.8658,1.7136,0.7793,162.673,4.1875,57.635,0.6667
11/20/2004,20,11,2004,1,0.9912,1.2446,0.9303,137.424,4.1357,49.737,0.8235
11/21/2004,21,11,2004,1,0.8651,1.7305,0.6469,160.721,3.594,40.347,0.7175
11/22/2004,22,11,2004,1,0.9024,1.8997,0.6509,145.152,4.7982,65.713,0.8023
11/23/2004,23,11,2004,1,0.8909,1.5952,0.6972,163.054,4.102,47.671,0.7215
11/24/2004,24,11,2004,1,0.9747,1.3223,0.9439,130.943,3.6453,69.253,0.8033
11/25/2004,25,11,2004,1,0.7272,1.8033,0.9879,167.728,4.0988,46.545,0.6933
11/26/2004,26,11,2004,1,0.7344,1.5612,0.8231,131.37,3.4844,49.792,0.6757
11/27/2004,27,11,2004,1,0.8396,1.3702,0.8813,135.21,4.1716,42.38,0.8227
11/28/2004,28,11,2004,1,0.9852,1.4973,0.6392,162.065,4.6116,62.677,0.6974
11/29/2004,29,11,2004,1,0.6912,1.91,0.9119,136.55,3.9244,50.641,0.65
11/30/2004,30,11,2004,1,0.6976,1.7773,0.6686,162.549,4.0097,62.429,0.6615
12/1/2004,1,12,2004,1,0.8335,1.9034,0.9066,139.253,3.6674,59.094,0.6694
12/2/2004,2,12,2004,1,0.9947,1.4785,0.7013,162.422,4.0888,55.376,0.7857
12/3/2004,3,12,2004,1,0.9111,1.6826,0.864,146.73,3.2962,62.93,0.8123
12/4/2004,4,12,2004,1,0.8829,1.3414,0.8425,147.064,4.911,50.42,0.7214
12/5/2004,5,12,2004,1,0.7217,1.8104,0.8929,149.514,4.0195,53.362,0.6517
12/6/2004,6,12,2004,1,0.8022,1.7419,0.675,140.4,3.5852,65.234,0.7255
12/7/2004,7,12,2004,1,0.9584,1.9338,0.9457,155.84,4.8031,60.483,0.7472
12/8/2004,8,12,2004,1,0.9773,1.9465,0.9579,152.418,4.7238,42.736,0.771
12/9/2004,9,12,2004,1,0.8364,1.7216,0.636,154.592,3.0205,53.497,0.6892
12/10/2004,10,12,2004,1,0.7868,1.799,0.8685,145.944,4.8496,41.665,0.7438
12/11/2004,11,12,2004,1,0.8849,1.2529,0.7525,168.481,4.2545,46.321,0.7677
12/12/2004,12,12,2004,1,0.9237,1.3119,0.7139,166.028,4.6038,56.365,0.7759
12/13/2004,13,12,2004,1,0.9248,1.5196,0.8544,168.383,4.0901,52.007,0.7627
12/14/2004,14,12,2004,1,0.8092,1.401,0.8,163.829,4.1501,66.36,0.7011
12/15/2004,15,12,2004,1,0.7785,1.389,0.6537,136.657,3.9402,60.238,0.8073
12/16/2004,16,12,2004,1,0.7403,1.6386,0.7515,162.782,4.0938,64.196,0.7253
12/17/2004,17,12,2004,1,0.749,1.2988,0.8758,167.388,4.7413,55.051,0.839
12/18/2004,18,12,2004,1,0.8414,1.419,0.9613,150.105,4.8468,53.478,0.829
12/19/2004,19,12,2004,1,0.6724,1.8839,0.7837,133.616,4.8096,41.161,0.781
12/20/2004,20,12,2004,1,0.8673,1.6527,0.8759,134.258,4.5252,41.766,0.7852
12/21/2004,21,12,2004,1,0.9406,1.5902,0.6324,140.265,3.1688,51.211,0.7267
12/22/2004,22,12,2004,1,0.7612,1.9099,0.9512,152.788,4.5177,62.227,0.6872
12/23/2004,23,12,2004,1,0.8073,1.8723,0.735,148.856,4.7904,51.45,0.6995
12/24/2004,24,12,2004,1,0.8888,1.9343,0.6362,143.001,4.0359,43.213,0.7771
12/25/2004,25,12,2004,1,0.9747,1.3263,0.6771,156.388,3.9747,47.501,0.7644
12/26/2004,26,12,2004,1,0.6897,1.4017,0.9448,138.464,4.2886,64.352,0.822
12/27/2004,27,12,2004,1,0.9863,1.3649,0.8907,150.08,4.2505,40.974,0.753
12/28/2004,28,12,2004,1,0.8154,1.3442,0.9224,137.964,3.4458,45.101,0.7426
12/29/2004,29,12,2004,1,0.919,1.9237,0.6415,158.029,4.7838,59.008,0.6934
12/30/2004,30,12,2004,1,0.7723,1.3992,0.9034,164.021,3.1443,61.222,0.8008
12/31/2004,31,12,2004,1,0.9291,1.2876,0.8657,136.722,4.5211,56.689,0.7589
1/1/2005,1,1,2005,1,0.9591,1.9531,0.6143,161.87,3.5942,67.104,0.7818
1/2/2005,2,1,2005,1,0.7882,1.4548,0.7998,149.341,4.171,56.617,0.7863
1/3/2005,3,1,2005,1,0.8211,1.3133,0.7969,159.589,3.6889,51.182,0.6902
1/4/2005,4,1,2005,1,0.6834,1.5309,0.8526,168.746,4.6788,59.839,0.6732
1/5/2005,5,1,2005,1,0.6877,1.2858,0.9312,165.541,4.2314,67.19,0.8362
1/6/2005,6,1,2005,1,0.9985,1.8717,0.8021,163.624,4.3039,59.045,0.8037
1/7/2005,7,1,2005,1,0.9238,1.7743,0.7896,135.737,4.659,45.347,0.6631
1/8/2005,8,1,2005,1,0.9828,1.2042,0.8284,166.1,4.5406,69.61,0.6754
1/9/2005,9,1,2005,1,0.8491,1.6016,0.8694,164.342,3.21,60.914,0.6874
1/10/2005,10,1,2005,1,0.8013,1.9544,0.9705,146.239,4.8096,50.446,0.742
1/11/2005,11,1,2005,1,0.792,1.2749,0.7522,166.158,3.3435,42.672,0.6808
1/12/2005,12,1,2005,1,0.8875,1.9814,0.8072,158.661,3.9672,57.985,0.8488
1/13/2005,13,1,2005,1,0.8202,1.8676,0.6701,139.9,3.0232,44.349,0.7919
1/14/2005,14,1,2005,1,0.6876,1.8928,0.6004,151.884,4.2859,52.974,0.7954
1/15/2005,15,1,2005,1,0.9985,1.4649,0.911,160.897,4.9656,61.255,0.7682
1/16/2005,16,1,2005,1,0.8478,1.5739,0.895,156.543,3.6453,48.453,0.6537
1/17/2005,17,1,2005,1,0.8058,1.8362,0.8755,148.334,3.2321,43.979,0.7979
1/18/2005,18,1,2005,1,0.9765,1.2919,0.6344,162.433,4.9668,64.209,0.6988
1/19/2005,19,1,2005,1,0.7172,1.2949,0.6776,157.136,3.1966,53.331,0.6569
1/20/2005,20,1,2005,1,0.8383,1.2892,0.8446,133.353,4.4801,68.323,0.7149
1/21/2005,21,1,2005,1,0.7791,1.8091,0.8392,159.963,4.9423,50.912,0.6738
1/22/2005,22,1,2005,1,0.8238,1.6352,0.9949,130.589,4.8009,60.744,0.8364
1/23/2005,23,1,2005,1,0.9065,1.5217,0.8152,131.904,4.776,45.31,0.6699
1/24/2005,24,1,2005,1,0.7976,1.3761,0.8438,144.86,4.3935,48.19,0.8453
1/25/2005,25,1,2005,1,0.9034,1.2824,0.8349,149.298,4.7123,51.308,0.6623
1/26/2005,26,1,2005,1,0.7218,1.3359,0.9559,134.474,4.4304,46.183,0.7524
1/27/2005,27,1,2005,1,0.938,1.4419,0.7854,160.715,4.9531,59.847,0.7364
1/28/2005,28,1,2005,1,0.919,1.9282,0.9297,134.123,3.3901,47.885,0.691
1/29/2005,29,1,2005,1,0.7829,1.7419,0.8883,136.937,4.9548,46.51,0.7188
1/30/2005,30,1,2005,1,0.7067,1.8803,0.9694,167.424,4.0299,56.154,0.792
1/31/2005,31,1,2005,1,0.8337,1.6103,0.9322,142.032,4.0582,68.014,0.8295
2/1/2005,1,2,2005,1,0.853,1.6589,0.8271,143.59,3.1664,49.747,0.774
2/2/2005,2,2,2005,1,0.8799,1.3876,0.732,134.295,3.0612,69.1,0.6544
2/3/2005,3,2,2005,1,0.9434,1.2821,0.6535,145.059,4.6842,54.167,0.7351
2/4/2005,4,2,2005,1,0.8569,1.3586,0.7927,163.363,4.3118,63.431,0.7451
2/5/2005,5,2,2005,1,0.9689,1.2542,0.6258,148.183,4.3978,61.954,0.832
2/6/2005,6,2,2005,1,0.9753,1.2253,0.67,130.894,3.9228,48.018,0.6703
2/7/2005,7,2,2005,1,0.7446,1.4656,0.8489,158.773,4.794,67.623,0.6577
2/8/2005,8,2,2005,1,0.866,1.3738,0.8012,137.636,4.077,64.388,0.6613
2/9/2005,9,2,2005,1,0.7331,1.8404,0.6505,135.78,4.552,45.151,0.7294
2/10/2005,10,2,2005,1,0.89,1.7861,0.6255,140.847,3.8289,53.508,0.6662
2/11/2005,11,2,2005,1,0.8131,1.6688,0.6267,149.309,3.3414,40.074,0.7131
2/12/2005,12,2,2005,1,0.9776,1.5597,0.9846,162.58,4.8561,41.364,0.7438
2/13/2005,13,2,2005,1,0.7954,1.7607,0.8254,162.946,4.7569,49.587,0.8165
2/14/2005,14,2,2005,1,0.8294,1.9104,0.788,135.693,3.0798,50.446,0.6998
2/15/2005,15,2,2005,1,0.6922,1.9619,0.7555,150.29,4.2158,48.296,0.7984
2/16/2005,16,2,2005,1,0.9892,1.3804,0.8845,165.207,4.7514,63.464,0.6596
2/17/2005,17,2,2005,1,0.7955,1.5496,0.6371,155.532,4.8508,40.958,0.7594
2/18/2005,18,2,2005,1,0.754,1.7376,0.6835,157.376,4.5376,67.099,0.8302
2/19/2005,19,2,2005,1,0.7303,1.9282,0.7936,141.787,4.7556,59.211,0.7498
2/20/2005,20,2,2005,1,0.9972,1.9218,0.8306,151.065,3.5623,61.868,0.6637
2/21/2005,21,2,2005,1,0.821,1.5589,0.6402,157.878,3.9497,55.772,0.7305
2/22/2005,22,2,2005,1,0.8282,1.4856,0.7192,137.763,4.2648,43.425,0.7318
2/23/2005,23,2,2005,1,0.9558,1.8295,0.7633,133.278,4.4375,59.312,0.7931
2/24/2005,24,2,2005,1,0.8922,1.419,0.6368,149.325,3.065,40.123,0.8363
2/25/2005,25,2,2005,1,0.7182,1.5764,0.6973,131.808,3.949,42.953,0.6841
2/26/2005,26,2,2005,1,0.9722,1.4183,0.8147,131.934,4.7112,56.737,0.8036
2/27/2005,27,2,2005,1,0.8773,1.9348,0.9036,168.572,4.8059,69.772,0.8363
2/28/2005,28,2,2005,1,0.7725,1.423,0.9642,138.039,4.9368,47.165,0.7611
3/1/2005,1,3,2005,1,0.8358,1.7194,0.6627,162.537,3.2835,56.321,0.6964
3/2/2005,2,3,2005,1,0.7954,1.3524,0.614,160.047,4.2012,52.785,0.7862
3/3/2005,3,3,2005,1,0.8072,1.7066,0.863,155.515,3.7015,49.67,0.7495
3/4/2005,4,3,2005,1,0.8504,1.9815,0.8863,158.55,3.9979,40.881,0.7668
3/5/2005,5,3,2005,1,0.998,1.6782,0.8083,159.47,3.611,62.424,0.7501
3/6/2005,6,3,2005,1,0.9695,1.8321,0.9164,130.118,3.0583,40.678,0.7582
3/7/2005,7,3,2005,1,0.7589,1.3994,0.8573,141.532,4.2781,68.029,0.8401
3/8/2005,8,3,2005,1,0.8202,1.4187,0.7491,163.335,4.3146,40.553,0.7004
3/9/2005,9,3,2005,1,0.7717,1.4614,0.7097,165.405,4.8927,52.747,0.6729
3/10/2005,10,3,2005,1,0.6935,1.7906,0.9375,140.737,3.4228,68.997,0.7415
3/11/2005,11,3,2005,1,0.9419,1.2992,0.9835,155.277,3.9643,69.641,0.6949
3/12/2005,12,3,2005,1,0.8604,1.7215,0.6346,164.401,4.8538,52.871,0.669
3/13/2005,13,3,2005,1,0.9731,1.9735,0.6616,138.605,3.4435,64.989,0.8031
3/14/2005,14,3,2005,1,0.7455,1.4517,0.6439,149.665,3.7082,62.502,0.7882
3/15/2005,15,3,2005,1,0.9642,1.8484,0.9254,144.221,4.5167,42.266,0.712
3/16/2005,16,3,2005,1,0.9584,1.2721,0.815,137.526,4.736,60.631,0.728
3/17/2005,17,3,2005,1,0.7324,1.4951,0.6703,147.053,3.2616,44.109,0.6581
3/18/2005,18,3,2005,1,0.7832,1.9392,0.9697,135.932,3.1636,64.837,0.8488
3/19/2005,19,3,2005,1,0.8516,1.74,0.9272,165.305,4.7681,43.745,0.8303
3/20/2005,20,3,2005,1,0.7735,1.2887,0.9853,160.396,4.3428,59.666,0.6699
3/21/2005,21,3,2005,1,0.851,1.2699,0.7856,158.207,3.1875,42.405,0.6929
3/22/2005,22,3,2005,1,0.8343,1.2563,0.9759,161.703,4.2348,54.591,0.7042
3/23/2005,23,3,2005,1,0.9809,1.9513,0.955,161.726,4.0257,61.726,0.6832
3/24/2005,24,3,2005,1,0.9291,1.9947,0.8061,152.382,3.6531,61.128,0.8037
3/25/2005,25,3,2005,1,0.6742,1.5111,0.6424,138.514,4.5307,52.8,0.7394
3/26/2005,26,3,2005,1,0.8504,1.9891,0.6673,134.013,3.7701,42.169,0.7527
3/27/2005,27,3,2005,1,0.7515,1.9402,0.8458,152.868,4.4514,69.745,0.7425
3/28/2005,28,3,2005,1,0.9604,1.324,0.9238,136.027,3.4141,51.854,0.6993
3/29/2005,29,3,2005,1,0.7135,1.7216,0.7236,148.35,4.0391,44.162,0.8287
3/30/2005,30,3,2005,1,0.8081,1.9591,0.9573,164.712,4.1693,59.415,0.6956
3/31/2005,31,3,2005,1,0.787,1.7863,0.9143,133.83,4.1726,62.815,0.8324
4/1/2005,1,4,2005,1,0.978,1.5191,0.6823,159.082,4.4375,58.388,0.7095
4/2/2005,2,4,2005,1,0.7326,1.44,0.7576,158.878,3.0629,63.646,0.6979
4/3/2005,3,4,2005,1,0.9625,1.4209,0.639,152.767,3.8769,60.606,0.8419
4/4/2005,4,4,2005,1,0.871,1.6667,0.9905,138.841,4.4693,54.408,0.719
4/5/2005,5,4,2005,1,0.76,1.4808,0.9503,165.225,4.8339,61.257,0.7373
4/6/2005,6,4,2005,1,0.7827,1.3344,0.9813,165.206,4.7944,59.269,0.678
4/7/2005,7,4,2005,1,0.9253,1.4796,0.8554,132.456,4.0085,41.048,0.7281
4/8/2005,8,4,2005,1,0.8438,1.5795,0.8922,131.701,3.5322,63.556,0.7946
4/9/2005,9,4,2005,1,0.9709,1.9189,0.7064,162.569,3.359,51.958,0.7679
4/10/2005,10,4,2005,1,0.9862,1.9264,0.8826,137.646,3.4397,49.728,0.7427
4/11/2005,11,4,2005,1,0.7602,1.8515,0.7966,133.717,3.8586,59.367,0.7221
4/12/2005,12,4,2005,1,0.9655,1.4723,0.7105,138.181,3.3146,60.912,0.7824
4/13/2005,13,4,2005,1,0.8212,1.8151,0.9086,168.329,3.6257,64.819,0.7724
4/14/2005,14,4,2005,1,0.931,1.36,0.7889,139.218,3.9739,47.413,0.7981
4/15/2005,15,4,2005,1,0.9344,1.3687,0.9581,149.445,3.0724,67.966,0.6968
4/16/2005,16,4,2005,1,0.9537,1.5492,0.6013,162.236,4.4126,45.554,0.7777
4/17/2005,17,4,2005,1,0.8077,1.9259,0.7636,161.376,3.3394,40.309,0.705
4/18/2005,18,4,2005,1,0.9476,1.394,0.8166,138.549,4.6013,62.904,0.7238
4/19/2005,19,4,2005,1,0.8507,1.9973,0.7541,143.077,4.5879,45.886,0.7905
4/20/2005,20,4,2005,1,0.8732,1.4076,0.9843,168.555,4.6254,49.834,0.7158
4/21/2005,21,4,2005,1,0.9091,1.979,0.7314,152.474,3.4574,56.988,0.7185
4/22/2005,22,4,2005,1,0.691,1.2936,0.9774,130.788,3.0669,51.738,0.6603
4/23/2005,23,4,2005,1,0.7829,1.4131,0.8991,134.093,4.5268,62.313,0.7165
4/24/2005,24,4,2005,1,0.8602,1.8412,0.604,164.527,4.3739,57.407,0.6631
4/25/2005,25,4,2005,1,0.8282,1.3158,0.8553,154.119,4.631,65.567,0.8247
4/26/2005,26,4,2005,1,0.8355,1.368,0.6937,157.545,3.0182,56.67,0.8365
4/27/2005,27,4,2005,1,0.8504,1.2786,0.883,138.622,3.4405,65.889,0.6995
4/28/2005,28,4,2005,1,0.7008,1.2636,0.9921,140.755,3.3351,53.615,0.7331
4/29/2005,29,4,2005,1,0.9701,1.5122,0.6744,168.274,4.2664,63.037,0.697
4/30/2005,30,4,2005,1,0.6946,1.93,0.7356,160.793,3.1267,63.179,0.7814
5/1/2005,1,5,2005,1,0.7373,1.9962,0.6324,134.55,3.8352,65.189,0.7608
5/2/2005,2,5,2005,1,0.9745,1.3984,0.7169,165.355,3.6761,54.715,0.7643
5/3/2005,3,5,2005,1,0.8832,1.3254,0.9461,139.581,4.5484,51.58,0.6592
5/4/2005,4,5,2005,1,0.8952,1.8183,0.7053,162.493,4.9055,51.211,0.7936
5/5/2005,5,5,2005,1,0.7086,1.2557,0.7871,152.069,4.266,44.823,0.7026
5/6/2005,6,5,2005,1,0.6783,1.3039,0.8055,142.506,4.2323,49.409,0.7137
5/7/2005,7,5,2005,1,0.8253,1.7447,0.7214,152.599,4.4661,56.848,0.76
5/8/2005,8,5,2005,1,0.8352,1.792,0.939,155.892,4.703,51.562,0.7302
5/9/2005,9,5,2005,1,0.8433,1.2271,0.8856,159.551,4.782,67.592,0.7179
5/10/2005,10,5,2005,1,0.8655,1.2458,0.9829,143.413,3.4521,48.744,0.6802
5/11/2005,11,5,2005,1,0.9724,1.5027,0.8209,160.939,3.408,44.138,0.7923
5/12/2005,12,5,2005,1,0.6705,1.684,0.7806,165.493,3.3457,52.319,0.8164
5/13/2005,13,5,2005,1,0.939,1.2877,0.9788,149.798,4.1057,60.943,0.7591
5/14/2005,14,5,2005,1,0.7792,1.9947,0.9957,153.495,4.4975,58.563,0.7005
5/15/2005,15,5,2005,1,0.9229,1.4373,0.826,148.157,3.2371,44.706,0.7177
5/16/2005,16,5,2005,1,0.7763,1.5565,0.6772,158.495,3.9513,52.996,0.7987
5/17/2005,17,5,2005,1,0.8628,1.3133,0.9695,138.568,4.0861,41.158,0.6526
5/18/2005,18,5,2005,1,0.8646,1.5677,0.7887,160.331,3.5045,43.16,0.7229
5/19/2005,19,5,2005,1,0.9804,1.2172,0.9035,136.657,3.3242,42.056,0.7151
5/20/2005,20,5,2005,1,0.8305,1.306,0.6335,159.589,3.4645,52.438,0.8231
5/21/2005,21,5,2005,1,0.7794,1.4684,0.8126,134.843,4.9323,44.148,0.8084
5/22/2005,22,5,2005,1,0.9207,1.6196,0.9075,164.248,3.8869,60.056,0.7395
5/23/2005,23,5,2005,1,0.8694,1.6031,0.8399,131.244,4.7994,57.455,0.7218
5/24/2005,24,5,2005,1,0.8407,1.2288,0.9515,149.239,3.6697,58.833,0.7223
5/25/2005,25,5,2005,1,0.8454,1.9956,0.7654,153.634,3.8759,44.876,0.828
5/26/2005,26,5,2005,1,0.6768,1.6104,0.8743,152.173,4.2926,42.937,0.6954
5/27/2005,27,5,2005,1,0.7898,1.7272,0.7912,140.147,3.9126,50.509,0.6729
5/28/2005,28,5,2005,1,0.9784,1.8104,0.8981,161.564,4.2933,56.134,0.7367
5/29/2005,29,5,2005,1,0.9565,1.5519,0.833,131.36,3.2344,40.689,0.7249
5/30/2005,30,5,2005,1,0.7259,1.9898,0.8314,165.532,4.1002,64.032,0.6681
5/31/2005,31,5,2005,1,0.68,1.2547,0.7283,169.189,3.3065,57.825,0.7424
6/1/2005,1,6,2005,1,0.8631,1.9995,0.7739,157.453,3.3716,48.626,0.7415
6/2/2005,2,6,2005,1,0.7309,1.5555,0.6066,160.18,4.5914,66.948,0.6662
6/3/2005,3,6,2005,1,0.7632,1.9842,0.7111,142.022,3.4379,48.248,0.6847
6/4/2005,4,6,2005,1,0.7597,1.6189,0.7622,160.707,4.5038,59.199,0.8137
6/5/2005,5,6,2005,1,0.8517,1.4541,0.632,163.031,3.387,51.417,0.8358
6/6/2005,6,6,2005,1,0.8837,1.4386,0.7988,142.362,3.5244,65.518,0.819
6/7/2005,7,6,2005,1,0.7624,1.2648,0.8304,130.711,3.2396,42.047,0.6674
6/8/2005,8,6,2005,1,0.7115,1.2382,0.7186,167.427,4.1771,54.025,0.7845
6/9/2005,9,6,2005,1,0.9889,1.7753,0.8469,133.391,3.3785,42.124,0.6841
6/10/2005,10,6,2005,1,0.8848,1.4333,0.9181,165.971,4.2115,55.297,0.8063
6/11/2005,11,6,2005,1,0.9122,1.3783,0.9683,143.253,4.3943,64.083,0.8091
6/12/2005,12,6,2005,1,0.8704,1.8155,0.7358,169.169,3.7355,55.114,0.6774
6/13/2005,13,6,2005,1,0.763,1.7045,0.9327,154.368,4.7912,41.869,0.7206
6/14/2005,14,6,2005,1,0.9105,1.8345,0.8736,132.349,3.3888,44.327,0.8393
6/15/2005,15,6,2005,1,0.9986,1.9722,0.9965,155.599,4.5946,62.261,0.7113
6/16/2005,16,6,2005,1,0.7893,1.8627,0.6368,164.971,4.9796,52.556,0.7565
6/17/2005,17,6,2005,1,0.9443,1.2858,0.7719,161.464,3.3797,60.171,0.708
6/18/2005,18,6,2005,1,0.755,1.6089,0.8768,133.15,4.9042,68.227,0.8042
6/19/2005,19,6,2005,1,0.8326,1.3004,0.6058,145.699,3.1764,45.474,0.6623
6/20/2005,20,6,2005,1,0.8638,1.5221,0.7062,143.68,3.3072,68.647,0.6799
6/21/2005,21,6,2005,1,0.7475,1.5194,0.934,153.347,4.448,69.795,0.6799
6/22/2005,22,6,2005,1,0.9909,1.9639,0.7051,154.145,4.4878,57.266,0.8116
6/23/2005,23,6,2005,1,0.8865,1.405,0.7782,162.439,4.1788,53.148,0.7759
6/24/2005,24,6,2005,1,0.8503,1.7838,0.7828,130.674,3.2668,67.417,0.7677
6/25/2005,25,6,2005,1,0.8898,1.4098,0.7409,148.259,3.3183,46.422,0.706
6/26/2005,26,6,2005,1,0.9042,1.5988,0.7239,135.617,4.6018,52.132,0.6734
6/27/2005,27,6,2005,1,0.8377,1.4114,0.9582,136.192,3.5242,62.491,0.6996
6/28/2005,28,6,2005,1,0.9123,1.3652,0.7354,159.444,4.4601,52.627,0.8413
6/29/2005,29,6,2005,1,0.8014,1.4497,0.7871,135.452,3.6502,54.722,0.799
6/30/2005,30,6,2005,1,0.844,1.6545,0.9911,164.742,3.4298,68.217,0.7025
7/1/2005,1,7,2005,1,0.9188,1.5344,0.8416,135.968,4.3173,63.017,0.6721
7/2/2005,2,7,2005,1,0.8973,1.7543,0.6147,133.018,3.4515,67.861,0.8179
7/3/2005,3,7,2005,1,0.9435,1.8576,0.606,154.61,3.5048,67.25,0.7997
7/4/2005,4,7,2005,1,0.9871,1.3044,0.6189,133.665,4.7698,47.469,0.6974
7/5/2005,5,7,2005,1,0.8737,1.3306,0.6583,133.132,4.3438,67.739,0.6655
7/6/2005,6,7,2005,1,0.8129,1.3891,0.7474,152.106,4.9185,41.686,0.6656
7/7/2005,7,7,2005,1,0.9411,1.8428,0.9168,162.749,4.9716,42.138,0.8149
7/8/2005,8,7,2005,1,0.7945,1.2069,0.625,150.549,4.6763,45.62,0.7371
7/9/2005,9,7,2005,1,0.7492,1.6788,0.9756,141.628,3.8599,67.847,0.8464
7/10/2005,10,7,2005,1,0.7702,1.839,0.9564,131.639,3.6659,62.353,0.8294
7/11/2005,11,7,2005,1,0.7635,1.3722,0.6005,168.417,4.1032,44.991,0.7099
7/12/2005,12,7,2005,1,0.7678,1.5906,0.6309,142.551,4.9421,40.192,0.7913
7/13/2005,13,7,2005,1,0.961,1.9805,0.8751,167.249,3.0517,63.431,0.8272
7/14/2005,14,7,2005,1,0.8974,1.7081,0.6352,136.708,3.8463,53.913,0.7219
7/15/2005,15,7,2005,1,0.8385,1.8985,0.7572,158.925,4.8601,53.978,0.7622
7/16/2005,16,7,2005,1,0.6753,1.959,0.7641,164.726,4.1232,50.346,0.8031
7/17/2005,17,7,2005,1,0.9956,1.8133,0.9664,151.249,3.479,66.731,0.8415
7/18/2005,18,7,2005,1,0.7481,1.8154,0.9592,145.972,4.3128,65.257,0.76
7/19/2005,19,7,2005,1,0.9522,1.2952,0.6065,145.193,3.6542,54.014,0.6813
7/20/2005,20,7,2005,1,0.6945,1.583,0.9952,164.01,3.7849,46.798,0.8132
7/21/2005,21,7,2005,1,0.7733,1.8582,0.8607,150.726,3.9396,45.374,0.7076
7/22/2005,22,7,2005,1,0.962,1.9987,0.7994,165.25,4.9057,52.049,0.7017
7/23/2005,23,7,2005,1,0.8292,1.4753,0.7071,145.513,3.0578,60.924,0.6723
7/24/2005,24,7,2005,1,0.7419,1.8845,0.9907,139.362,3.3778,64.081,0.7125
7/25/2005,25,7,2005,1,0.7468,1.5219,0.6032,138.755,4.7398,55.393,0.7215
7/26/2005,26,7,2005,1,0.9247,1.6763,0.926,157.924,3.7448,68.1,0.75
7/27/2005,27,7,2005,1,0.894,1.7443,0.6855,147.672,4.0053,58.214,0.8113
7/28/2005,28,7,2005,1,0.7157,1.599,0.7073,130.741,3.9405,61.68,0.8442
7/29/2005,29,7,2005,1,0.7534,1.6798,0.8009,147.569,3.32,50.034,0.7806
7/30/2005,30,7,2005,1,0.9442,1.4741,0.7198,136.912,3.8625,43.552,0.8288
7/31/2005,31,7,2005,1,0.7217,1.2707,0.7178,152.677,3.2609,66.527,0.6996
8/1/2005,1,8,2005,1,0.6897,1.4782,0.8884,141.873,3.0521,47.18,0.7801
8/2/2005,2,8,2005,1,0.7084,1.2094,0.7004,131.095,4.0882,61.721,0.8182
8/3/2005,3,8,2005,1,0.9934,1.6581,0.9446,161.19,3.28,60.899,0.7083
8/4/2005,4,8,2005,1,0.9198,1.7344,0.6395,156.998,3.9336,59.544,0.6545
8/5/2005,5,8,2005,1,0.841,1.4344,0.6779,132.481,3.9551,58.568,0.7785
8/6/2005,6,8,2005,1,0.9218,1.4812,0.7988,166.888,4.8774,50.788,0.826
8/7/2005,7,8,2005,1,0.9117,1.6203,0.6223,147.479,4.9343,53.9,0.7974
8/8/2005,8,8,2005,1,0.9353,1.6881,0.6588,164.665,3.3336,53.145,0.7681
8/9/2005,9,8,2005,1,0.7248,1.6299,0.699,150.054,4.8205,50.498,0.8398
8/10/2005,10,8,2005,1,0.9471,1.8599,0.9175,168.075,3.1727,47.842,0.6598
8/11/2005,11,8,2005,1,0.6989,1.5517,0.6725,136.227,3.0235,40.144,0.7079
8/12/2005,12,8,2005,1,0.8326,1.8359,0.6191,169.219,4.5311,41.39,0.7475
8/13/2005,13,8,2005,1,0.9352,1.7836,0.6388,131.475,3.8691,66.256,0.8065
8/14/2005,14,8,2005,1,0.7516,1.6586,0.8093,163.628,3.9886,57.488,0.8001
8/15/2005,15,8,2005,1,0.8604,1.4363,0.845,141.259,3.02,59.708,0.6533
8/16/2005,16,8,2005,1,0.9962,1.9362,0.7495,151.193,3.836,43.947,0.8015
8/17/2005,17,8,2005,1,0.828,1.8314,0.6676,166.631,4.3039,49.14,0.7199
8/18/2005,18,8,2005,1,0.8366,1.2694,0.7335,139.748,4.9843,45.164,0.8121
8/19/2005,19,8,2005,1,0.8864,1.5922,0.9523,158.009,3.8351,50.993,0.7065
8/20/2005,20,8,2005,1,0.7888,1.6062,0.7063,145.752,3.5067,68.225,0.6538
8/21/2005,21,8,2005,1,0.8877,1.2355,0.6399,140.191,3.6395,44.289,0.7838
8/22/2005,22,8,2005,1,0.955,1.735,0.8123,154.353,3.1385,54.764,0.6577
8/23/2005,23,8,2005,1,0.914,1.2568,0.6634,141.146,4.5895,61.513,0.7625
8/24/2005,24,8,2005,1,0.8507,1.8754,0.9842,133.135,3.6525,50.219,0.7205
8/25/2005,25,8,2005,1,0.9112,1.7803,0.8629,147.513,4.2644,61.824,0.7555
8/26/2005,26,8,2005,1,0.8647,1.8836,0.7788,166.091,3.0701,41.685,0.7616
8/27/2005,27,8,2005,1,0.8064,1.2314,0.7909,162.713,3.2963,56.28,0.7655
8/28/2005,28,8,2005,1,0.8096,1.3339,0.9032,142.282,3.5254,59.807,0.7682
8/29/2005,29,8,2005,1,0.9615,1.9006,0.6735,132.959,3.3023,58.376,0.7268
8/30/2005,30,8,2005,1,0.9955,1.9822,0.6989,144.23,3.963,68.142,0.7704
8/31/2005,31,8,2005,1,0.8679,1.2493,0.7593,166.495,3.7293,56.622,0.7706
9/1/2005,1,9,2005,1,0.9508,1.2565,0.8205,145.105,3.1887,45.277,0.7843
9/2/2005,2,9,2005,1,0.8672,1.6331,0.6457,155.546,3.8412,46.263,0.7452
9/3/2005,3,9,2005,1,0.8044,1.5988,0.6389,133.845,4.9274,62.325,0.7257
9/4/2005,4,9,2005,1,0.7868,1.3758,0.7527,155.256,3.4841,49.922,0.7206
9/5/2005,5,9,2005,1,0.9435,1.2929,0.8823,143.984,4.5373,49.962,0.8443
9/6/2005,6,9,2005,1,0.9601,1.8423,0.6913,133.551,4.034,65.17,0.7184
9/7/2005,7,9,2005,1,0.8426,1.3737,0.9184,143.82,3.8881,55.551,0.8054
9/8/2005,8,9,2005,1,0.9404,1.9214,0.7622,169.251,3.5001,44.962,0.8288
9/9/2005,9,9,2005,1,0.7219,1.2424,0.9308,151.935,3.8609,60.386,0.6554
9/10/2005,10,9,2005,1,0.7107,1.6393,0.7591,150.835,4.3015,51.732,0.8104
9/11/2005,11,9,2005,1,0.6854,1.8257,0.921,144.373,3.7337,63.255,0.768
9/12/2005,12,9,2005,1,0.7963,1.9825,0.9815,136.001,3.0737,55.013,0.7583
9/13/2005,13,9,2005,1,0.7399,1.2402,0.9143,142.989,4.4446,64.01,0.8357
9/14/2005,14,9,2005,1,0.889,1.2121,0.615,155.33,3.6253,68.095,0.8348
9/15/2005,15,9,2005,1,0.8273,1.4203,0.762,158.071,3.7439,63.467,0.6751
9/16/2005,16,9,2005,1,0.8737,1.8388,0.8312,148.126,3.5774,65.288,0.7465
9/17/2005,17,9,2005,1,0.8337,1.4082,0.9787,163.265,3.0058,50.088,0.8136
9/18/2005,18,9,2005,1,0.8403,1.7711,0.7903,135.975,4.572,65.458,0.7642
9/19/2005,19,9,2005,1,0.8513,1.6036,0.8886,150.353,3.5317,53.751,0.7805
9/20/2005,20,9,2005,1,0.6752,1.4266,0.913,141.306,3.5788,69.852,0.7342
9/21/2005,21,9,2005,1,0.8712,1.6663,0.7058,147.427,4.3364,67.151,0.7082
9/22/2005,22,9,2005,1,0.7275,1.7352,0.8178,134.631,3.0252,65.566,0.7906
9/23/2005,23,9,2005,1,0.6727,1.8472,0.8186,166.29,4.0576,69.409,0.8165
9/24/2005,24,9,2005,1,0.7593,1.944,0.7883,130.975,3.9848,60.957,0.8165
9/25/2005,25,9,2005,1,0.845,1.8794,0.7018,136.844,4.0187,66.893,0.6617
9/26/2005,26,9,2005,1,0.9325,1.2838,0.76,154.109,3.7449,69.076,0.8067
9/27/2005,27,9,2005,1,0.8679,1.8963,0.8368,146.996,3.8904,61.741,0.7156
9/28/2005,28,9,2005,1,0.7131,1.7153,0.7393,150.916,4.1089,50.697,0.6667
9/29/2005,29,9,2005,1,0.7854,1.4229,0.7189,152.033,3.4011,57.279,0.7135
9/30/2005,30,9,2005,1,0.6803,1.8634,0.6771,132.626,3.9277,65.136,0.7189
10/1/2005,1,10,2005,1,0.7638,1.7794,0.7783,133.215,4.505,40.532,0.8085
10/2/2005,2,10,2005,1,0.8954,1.5429,0.9284,133.59,4.7404,44.97,0.7174
10/3/2005,3,10,2005,1,0.9022,1.8222,0.882,140.78,3.3432,48.383,0.6663
10/4/2005,4,10,2005,1,0.9266,1.4325,0.9654,138.189,3.3621,68.026,0.7644
10/5/2005,5,10,2005,1,0.7931,1.597,0.939,132.871,4.2567,64.65,0.8356
10/6/2005,6,10,2005,1,0.9798,1.881,0.681,159.066,4.2729,56.041,0.8121
10/7/2005,7,10,2005,1,0.732,1.2714,0.6959,153.447,4.7654,40.78,0.8308
10/8/2005,8,10,2005,1,0.9482,1.4465,0.6854,165.361,3.5043,66.496,0.7586
10/9/2005,9,10,2005,1,0.8578,1.5289,0.8552,130.985,4.647,52.906,0.6583
10/10/2005,10,10,2005,1,0.9526,1.4374,0.8321,167.876,4.7904,61.312,0.7032
10/11/2005,11,10,2005,1,0.9608,1.3155,0.6571,146.629,4.107,47.788,0.6991
10/12/2005,12,10,2005,1,0.9068,1.7381,0.8927,136.659,3.0408,49.662,0.6713
10/13/2005,13,10,2005,1,0.8357,1.249,0.8355,154.868,4.6801,56.591,0.8414
10/14/2005,14,10,2005,1,0.7063,1.5574,0.899,165.643,3.4276,60.237,0.7732
10/15/2005,15,10,2005,1,0.8753,1.6462,0.6087,168.331,4.9424,51.866,0.7961
10/16/2005,16,10,2005,1,0.978,1.273,0.7557,135.476,4.0133,50.094,0.678
10/17/2005,17,10,2005,1,0.7304,1.945,0.8368,154.682,4.3066,51.322,0.7077
10/18/2005,18,10,2005,1,0.6756,1.2241,0.7486,139.645,3.8636,68.764,0.7807
10/19/2005,19,10,2005,1,0.7005,1.7237,0.6048,135.932,4.4614,50.392,0.6797
10/20/2005,20,10,2005,1,0.9085,1.4826,0.7592,136.28,4.5695,68.422,0.7765
10/21/2005,21,10,2005,1,0.7748,1.5258,0.8899,145.487,4.9382,51.451,0.7421
10/22/2005,22,10,2005,1,0.8152,1.882,0.7785,131.837,3.2477,61.65,0.7771
10/23/2005,23,10,2005,1,0.7818,1.3395,0.6103,159.182,4.1304,61.756,0.7515
10/24/2005,24,10,2005,1,0.7541,1.6062,0.6327,131.63,3.297,58.047,0.6816
10/25/2005,25,10,2005,1,0.8621,1.5824,0.6759,162.917,3.2265,50.87,0.7534
10/26/2005,26,10,2005,1,0.7154,1.807,0.7327,153.365,4.3217,54.402,0.7373
10/27/2005,27,10,2005,1,0.8057,1.5326,0.9497,150.57,4.3461,51.931,0.7834
10/28/2005,28,10,2005,1,0.8455,1.6929,0.9801,142.508,3.7217,60.154,0.8078
10/29/2005,29,10,2005,1,0.8392,1.2644,0.7592,144.513,3.0535,51.802,0.7176
10/30/2005,30,10,2005,1,0.9193,1.4375,0.6593,131.274,3.2875,57.93,0.7122
10/31/2005,31,10,2005,1,0.9564,1.8234,0.7073,134.249,4.5264,40.36,0.8292
11/1/2005,1,11,2005,1,0.9568,1.8167,0.9448,140.658,3.4971,53.281,0.7651
11/2/2005,2,11,2005,1,0.7573,1.6213,0.7949,144.889,3.3964,46.466,0.8088
11/3/2005,3,11,2005,1,0.9168,1.9655,0.6312,158.127,4.9632,49.927,0.7102
11/4/2005,4,11,2005,1,0.8948,1.5815,0.8295,130.09,3.6966,55.828,0.8498
11/5/2005,5,11,2005,1,0.9757,1.5288,0.6833,147.329,4.7866,56.232,0.7788
11/6/2005,6,11,2005,1,0.8433,1.7238,0.7973,140.565,3.7806,57.074,0.7323
11/7/2005,7,11,2005,1,0.7496,1.3584,0.6309,154.841,4.0155,47.03,0.8313
11/8/2005,8,11,2005,1,0.6737,1.3428,0.6276,139.128,4.2649,40.609,0.6926
11/9/2005,9,11,2005,1,0.9012,1.3408,0.7577,144.241,3.7321,48.445,0.7255
11/10/2005,10,11,2005,1,0.8407,1.5351,0.9848,133.165,4.167,46.637,0.8274
11/11/2005,11,11,2005,1,0.8526,1.705,0.6551,155.68,4.3079,45.209,0.6696
11/12/2005,12,11,2005,1,0.9133,1.5323,0.9212,167.017,4.9024,66.616,0.8004
11/13/2005,13,11,2005,1,0.933,1.3707,0.965,148.636,3.0635,42.816,0.6556
11/14/2005,14,11,2005,1,0.7254,1.4805,0.9376,165.375,3.6354,49.129,0.768
11/15/2005,15,11,2005,1,0.9409,1.2038,0.8923,150.424,3.5671,47.42,0.7804
11/16/2005,16,11,2005,1,0.713,1.2184,0.8792,152.342,3.2522,53.662,0.7796
11/17/2005,17,11,2005,1,0.6782,1.3982,0.7591,142.864,4.6746,55.392,0.8253
11/18/2005,18,11,2005,1,0.7618,1.3461,0.6251,136.14,3.5385,40.215,0.745
11/19/2005,19,11,2005,1,0.8574,1.4579,0.9377,155.583,3.6972,58.425,0.7905
11/20/2005,20,11,2005,1,0.7942,1.4338,0.6446,138.653,4.2237,40.045,0.6571
11/21/2005,21,11,2005,1,0.8339,1.5069,0.6125,152.356,3.3423,51.88,0.7336
11/22/2005,22,11,2005,1,0.8005,1.2185,0.818,136.666,3.8673,49.328,0.7794
11/23/2005,23,11,2005,1,0.7283,1.8939,0.8771,136.59,3.1749,50.09,0.7266
11/24/2005,24,11,2005,1,0.9991,1.9578,0.8018,144.282,3.7228,68.991,0.7708
11/25/2005,25,11,2005,1,0.7976,1.8486,0.8676,167.009,3.8332,48.243,0.8244
11/26/2005,26,11,2005,1,0.9427,1.4478,0.9302,138.094,3.6032,42.8,0.7136
11/27/2005,27,11,2005,1,0.898,1.5396,0.9136,159.423,4.0451,55.905,0.6727
11/28/2005,28,11,2005,1,0.7179,1.3779,0.6125,153.687,4.2875,49.099,0.7141
11/29/2005,29,11,2005,1,0.9067,1.9182,0.6408,153.866,3.3956,44.716,0.7874
11/30/2005,30,11,2005,1,0.6808,1.3197,0.755,140.712,4.9666,41.501,0.702
12/1/2005,1,12,2005,1,0.8094,1.3434,0.8628,153.827,4.843,58.96,0.8475
12/2/2005,2,12,2005,1,0.6764,1.997,0.7091,162.518,3.802,53.351,0.7616
12/3/2005,3,12,2005,1,0.9307,1.2031,0.7524,151.634,3.4508,43.933,0.8344
12/4/2005,4,12,2005,1,0.6894,1.9623,0.7935,138.295,4.0341,65.945,0.6841
12/5/2005,5,12,2005,1,0.7029,1.7534,0.9868,162.832,3.6057,58.347,0.8213
12/6/2005,6,12,2005,1,0.7283,1.5261,0.7755,165.023,4.8087,45.051,0.7967
12/7/2005,7,12,2005,1,0.8158,1.7914,0.6075,153.63,3.8105,47.715,0.8135
12/8/2005,8,12,2005,1,0.9086,1.2123,0.8322,168.392,4.5642,41.81,0.8356
12/9/2005,9,12,2005,1,0.8204,1.2192,0.922,152.206,3.4401,55.182,0.7196
12/10/2005,10,12,2005,1,0.7578,1.4848,0.7285,158.629,3.4741,48.135,0.6829
12/11/2005,11,12,2005,1,0.7776,1.3824,0.7523,157.295,4.2518,44.928,0.7221
12/12/2005,12,12,2005,1,0.7389,1.4789,0.6125,144.208,4.632,64.05,0.7611
12/13/2005,13,12,2005,1,0.7899,1.392,0.6534,147.417,4.7409,52.301,0.7572
12/14/2005,14,12,2005,1,0.6953,1.7185,0.7049,151.521,4.686,46.8,0.6972
12/15/2005,15,12,2005,1,0.8863,1.6407,0.7453,163.792,3.6309,44.244,0.7802
12/16/2005,16,12,2005,1,0.6951,1.4003,0.9903,146.068,4.8696,58.933,0.7779
12/17/2005,17,12,2005,1,0.8159,1.6331,0.8898,152.697,3.1071,68.309,0.7276
12/18/2005,18,12,2005,1,0.9271,1.305,0.6373,146.676,4.1804,61.583,0.6752
12/19/2005,19,12,2005,1,0.7688,1.2092,0.646,168.618,4.3326,67.661,0.8073
12/20/2005,20,12,2005,1,0.7598,1.9089,0.661,167.359,3.7696,68.512,0.6679
12/21/2005,21,12,2005,1,0.7899,1.737,0.9443,136.491,4.9529,42.396,0.7178
12/22/2005,22,12,2005,1,0.8063,1.484,0.8502,169.075,4.7248,47.174,0.653
12/23/2005,23,12,2005,1,0.8593,1.2148,0.7688,139.19,3.3024,48.113,0.7973
12/24/2005,24,12,2005,1,0.6926,1.3162,0.8404,168.998,3.6669,55.718,0.8033
12/25/2005,25,12,2005,1,0.9709,1.5279,0.7749,156.271,4.7156,64.936,0.7915
12/26/2005,26,12,2005,1,0.8077,1.3032,0.8692,157.815,3.9898,59.504,0.7203
12/27/2005,27,12,2005,1,0.8927,1.5781,0.7889,146.916,3.114,61.087,0.8021
12/28/2005,28,12,2005,1,0.8049,1.6462,0.7936,145.865,4.136,61.239,0.7585
12/29/2005,29,12,2005,1,0.7002,1.589,0.9994,133.175,3.7371,57.497,0.768
12/30/2005,30,12,2005,1,0.6845,1.2904,0.958,168.379,3.0516,69.8,0.7291
12/31/2005,31,12,2005,1,0.9834,1.5947,0.8613,134.102,4.7931,50.22,0.8046
